"","Entity","Year","Share_vaccinated_children","Pop_density","Avg_surface_temp","Avg_precipitation","WDI_basic_sanitation","WDI_health_expenditure","WDI_population","WDI_education_completion","WDI_basic_water_urban","WDI_livestock_production_index2","Temp_anomaly","pr","rural_urban"
"1","Afghanistan",1993,18,22.910822,11.5106790916667,352.79886,NA,NA,14943172,34.1708297729492,NA,72.09,-1.0193323,0.0072463768115942,NA
"2","Afghanistan",1995,20,26.1653,11.7252283966667,363.31094,NA,NA,17065836,NA,NA,85.07,-0.80478305,0.052645146971465,"RURAL"
"3","Afghanistan",2000,24,30.863773,12.5861746416667,219.97485,20.9709193555198,NA,20130327,NA,27.4418560941262,98.12,0.056163114,0.065,NA
"4","Afghanistan",2003,41,34.85428,12.48545682,350.294,24.1003328260197,8.94125843,22733049,NA,31.8755891610669,90.49,-0.04455458,0.0355969782911167,NA
"5","Afghanistan",2005,58,37.417046,11.9719654166667,374.579,27.2391887360031,9.94828892,24404567,NA,36.3312261244574,95.56,-0.55804604,0.00492537313432836,NA
"6","Afghanistan",2008,64,40.603127,12.7095914166667,278.27866,32.128704614959,10.25649548,26482622,NA,43.6326087182233,91.41,0.17958002,0.00304329914997569,NA
"7","Angola",2005,47,15.473747,22.4324916666667,1132.4497,34.7226378362301,2.85219526,19291161,NA,46.336018417288,70.13,0.20475626,0.738738738738739,"RURAL"
"8","Angola",2006,44,16.054575,21.7086876666667,1222.4216,35.9912829408025,2.68553543,20015279,NA,47.1502307724816,71.46,-0.5190479,0.163042311131491,"RURAL"
"9","Angola",2007,48,16.666815,22.0834700833333,1101.8629,37.2593050122209,2.97439122,20778561,NA,47.9614692762391,75.34,-0.14426534,0.181850574423295,"RURAL"
"10","Angola",2010,51,18.685154,22.347769,1204.3665,41.0607923213848,2.69509959,23294825,42.2859001159668,50.3768404281237,84.72,0.12003342,0,"RURAL"
"11","Angola",2011,52,19.42593,21.8643935,1232.9161,42.3266654473422,2.64560771,24218352,49.0943412780762,51.1748356552453,86.97,-0.36334214,0.0732579052210921,"RURAL"
"12","Angola",2015,59,22.58583,22.81463975,1091.4386,47.3744826098829,2.60579467,28157798,NA,54.316930612657,99.8,0.58690405,0.161354063979279,"RURAL"
"13","Angola",2016,59,23.408216,22.8864635,1179.3586,48.6279413330122,2.71314979,29183070,NA,55.0842725132132,103.52,0.6587278,0.203272939429643,"RURAL"
"14","Angola",2017,56,24.251858,22.6713260833333,1058.1339,49.8769829625562,2.79383755,30234839,NA,55.842909522296,107.46,0.4435905,0.5,"RURAL"
"15","Angola",2018,63,25.103956,22.7609834166667,1127.7213,51.120743995819,2.59482241,31297155,NA,56.5917487678333,107.07,0.53324795,0.105875807979213,"RURAL"
"16","Angola",2019,57,25.969023,23.2640638333333,1062.6794,51.3936226824603,2.47518778,32375632,NA,56.8830374949169,113.83,1.0363283,0,"RURAL"
"17","Bangladesh",2007,94,1136.8921,25.26535675,2728.0747,35.7309011894357,2.17268491,147989278,NA,96.0570984545243,56.94,-0.100289665,0.0172710622710623,NA
"18","Bangladesh",2015,98,1224.4229,25.4543060833333,2464.1143,48.6838158473245,2.27217698,159383179,NA,97.3011010904708,101.1,0.08865976,0.00700700700700701,"RURAL"
"19","Bangladesh",2018,98,1256.2269,25.3400699166667,1886.6484,53.374264785747,2.31622243,163523103,NA,97.700411546896,124.46,-0.025576433,0.00862068965517241,"RURAL"
"20","Benin",2003,73,70.175735,27.5451058333333,1087.3187,9.87676965998667,3.11678505,7913070,46.5348091125488,62.5732994284283,72.93,-0.035574436,0.337515935583141,"URBAN"
"21","Benin",2004,72,72.35762,27.4654986666667,929.9029,10.3400677635835,3.23273873,8159094,50.4555587768555,62.8659664905111,78.61,-0.11518177,0.548086629703831,"URBAN"
"22","Benin",2006,74,77.09466,27.7526185833333,1035.5492,11.3007400084745,3.28773856,8693242,NA,63.436586737944,80.17,0.17193826,0.141333333333333,NA
"23","Benin",2007,82,79.40686,27.56035925,931.9463,11.7983015321379,2.93715644,8953969,NA,63.7149109429296,82.51,-0.02032105,0.219773801138923,"RURAL"
"24","Benin",2008,75,81.841255,27.3798965833333,1015.525,12.3071178648893,2.65178108,9228466,61.858570098877,63.988382437498,75.36,-0.2007839,0.244444444333333,"RURAL"
"25","Benin",2011,75,89.513824,27.90758675,842.5703,13.8991204082012,2.99707985,10093623,70.1288681030273,64.7781966695834,89.37,0.32690653,0.194762488328665,"RURAL"
"26","Benin",2012,80,92.21013,27.5150355,1275.6763,14.4517136045026,3.07562971,10397657,71.6108627319336,65.0315792739664,92.49,-0.0656449,0.255259259581389,"RURAL"
"27","Benin",2017,75,106.7731,27.9600211666667,989.51276,17.3806539321045,2.66813827,12039780,NA,66.2271993300877,104.82,0.37934065,0.383040721197087,"RURAL"
"28","Benin",2018,73,109.81999,27.7148405,1142.5646,17.9998030901084,2.88632035,12383347,NA,66.4521978786729,106.79,0.13416004,0.368793463896784,"RURAL"
"29","Bhutan",2013,97,19.015234,8.46701878666667,2774.4902,67.140887988373,3.40428138,725273,98.1294708251953,95.70915284335,79.58,0.1857924,0,"RURAL"
"30","Bolivia",2003,88,8.354705,20.2052519166667,1358.7339,38.2561389140297,5.19709635,9050700,NA,82.878552285047,58.15,-0.06719939,0.00216546846011132,NA
"31","Brazil",1994,74,19.055073,24.69606475,1874.5704,NA,NA,159265006,89.6515808105469,NA,44.97,-0.30239883,0.0796178343949045,"RURAL"
"32","Brazil",1995,81,19.350601,24.7806794166667,1849.3021,NA,NA,161735073,NA,NA,49.53,-0.21778409,0.0129521944947694,"RURAL"
"33","Brazil",1996,77,19.645819,24.5504459166667,1900.1311,NA,NA,164202549,NA,NA,52.91,-0.4480176,0.0365163844694205,"RURAL"
"34","Brazil",1997,79,19.940035,24.8663378333333,1792.1486,NA,NA,166661659,NA,NA,53.09,-0.13212554,0.0606332138590203,"RURAL"
"35","Brazil",1998,93,20.238905,25.3565399166667,1724.375,NA,NA,169159655,NA,NA,53.99,0.35807672,0.0228571428571429,"RURAL"
"36","Brazil",1999,94,20.535847,24.5810020833333,1868.744,NA,NA,171641543,NA,NA,58.61,-0.4174614,0.00704225352112676,"RURAL"
"37","Brazil",2000,98,20.82021,24.46804925,1918.2529,73.1287988328203,8.33457184,174018282,NA,93.4715252595615,61.22,-0.5304143,0.0963864164086687,"RURAL"
"38","Brazil",2001,98,21.093348,24.7885818333333,1763.4281,74.0379078842192,8.54963303,176301203,NA,93.8143435778762,63.44,-0.20988162,0.0974545454545454,"URBAN"
"39","Brazil",2002,99,21.356834,25.19069025,1713.9707,74.9279834778336,8.69686985,178503484,NA,94.1424897502086,67.54,0.19222672,0.0354615415576782,"RURAL"
"40","Brazil",2003,99,21.610388,24.97486125,1708.2885,75.8126402714995,8.18899441,180622688,NA,94.4635263894455,70.4,-0.023602009,0.0247446984657738,"RURAL"
"41","Brazil",2004,99,21.85595,24.848555,1805.6158,76.6915371557584,8.12491989,182675143,NA,94.7773576406478,75.66,-0.14990854,0.0250409281593219,"RURAL"
"42","Brazil",2005,99,22.096788,25.1712619166667,1774.7332,77.5647914194703,8.03539562,184688101,NA,95.0841359766136,77.91,0.17279847,0.0316051090504451,"RURAL"
"43","Brazil",2006,99,22.331888,24.93994625,1810.0073,78.4329110515648,8.24952507,186653106,NA,95.3841881864926,81.13,-0.058517296,0.0516931074942453,"RURAL"
"44","Brazil",2008,99,22.776268,24.7869353333333,1896.5753,80.154078978513,8.01128483,190367302,NA,95.9645639704386,87.42,-0.21152814,0.0138777012239185,"RURAL"
"45","Brazil",2010,99,23.175238,25.3334543333333,1684.8529,81.854207204088,7.94516611,193701929,NA,96.5187999853069,90.64,0.33499083,0.134216698833333,"RURAL"
"46","Brazil",2011,99,23.36461,24.8926488333333,1905.6708,82.7005761863484,7.78819132,195284734,NA,96.7879749994184,92.6,-0.10581461,0.02393755875,"RURAL"
"47","Brazil",2012,95,23.555008,25.170887,1639.0797,83.5422241377624,7.73637724,196876111,NA,97.0509780439356,94.47,0.17242353,0.002996,"RURAL"
"48","Brazil",2013,97,23.746698,25.0603755833333,1873.0792,84.3785142207398,7.9766016,198478299,NA,97.3076718816465,97.96,0.0619119,0.00130838938660345,"RURAL"
"49","Brazil",2014,93,23.938948,25.1718375833333,1757.6575,85.2106414441147,8.39644146,200085127,NA,97.5585811855157,99.96,0.17337434,0.00642926056380769,NA
"50","Brazil",2015,96,24.12923,25.6836616666667,1608.9254,86.0379594237602,8.90929985,201675532,NA,97.8035647892997,100.23,0.6851983,0.0122777764429013,NA
"51","Brazil",2018,87,24.65946,25.0925748333333,1798.4026,88.4905439034498,9.46475029,206107261,NA,98.6794937002595,104.55,0.09411144,0.00663171072669992,"URBAN"
"52","Brazil",2019,70,24.820763,25.5296526666667,1668.2883,89.298795927984,9.61449146,207455459,NA,98.9355439518362,107.03,0.53118914,0.00259112858363585,"URBAN"
"53","Brazil",2020,77,24.96498,25.193412,1665.8544,90.0784764801568,9.62326527,208660842,NA,99.3208587959277,107.63,0.19494851,0.000596302921884317,"URBAN"
"54","Burundi",2002,81,265.73544,20.4102583333333,1763.056,45.634367840651,5.34983587,6824132,26.3580303192139,51.8093345293413,50.61,-0.18298657,0.389842796092796,NA
"55","Burundi",2003,82,274.26416,20.6666663333333,1500.4827,45.8472924386413,5.27245188,7043154,30.9463405609131,52.3873260532119,50.28,0.07342132,0.392447222915973,NA
"56","Burundi",2004,83,284.68085,20.5572428333333,1669.2344,45.8686367474088,7.09572744,7310656,33.3528099060059,52.9684349998327,46.12,-0.03600232,0.280468552911735,NA
"57","Burundi",2005,87,295.4543,20.9131886666667,1688.6552,45.8870569615053,7.56016588,7587299,35.8155403137207,53.5526302502999,59.09,0.31994358,0.230572235410945,NA
"58","Burundi",2006,92,306.28897,20.4646333333333,1989.0486,45.9023891144522,8.71264839,7865547,NA,54.1402304455378,70.77,-0.12861188,0.290383037441861,NA
"59","Burundi",2012,96,392.17215,20.4605794166667,1954.7736,45.9213248562526,8.63756466,10071028,64.5548629760742,57.7354291237771,91.13,-0.13266547,0.0998294686361734,"RURAL"
"60","Burundi",2016,94,437.67197,21.3152745833333,1774.0345,45.8510198644704,7.06148243,11239451,64.0318298339844,60.2041529609438,109.31,0.7220297,0.141883078527278,"RURAL"
"61","Burundi",2017,91,448.08102,21.0757275833333,1862.6254,45.8212039832592,6.95275736,11506762,63.2770881652832,60.8305474667327,127.57,0.48248258,0.173353723144684,"RURAL"
"62","Cambodia",1999,53,69.486084,26.5412975833333,2142.4858,NA,NA,12265731,43.1078109741211,NA,86.8,-0.87833136,0.191303118423478,"RURAL"
"63","Cambodia",2000,59,70.59995,26.9893211666667,2028.7972,10.1863241737143,6.48248434,12462336,NA,51.899880591249,99.15,-0.43030772,0.0784495222770116,"RURAL"
"64","Cambodia",2001,60,71.711044,27.4071731666667,1754.695,11.3935107421311,6.76128578,12658484,53.8356513977051,53.6084259872673,99.84,-0.012455463,0.0307707847129705,"RURAL"
"65","Cambodia",2002,54,72.82576,27.7877893333333,1693.5887,14.2304196427319,6.92060709,12855241,62.4201316833496,55.3148453414085,96.37,0.36816072,0.0977461209458437,"RURAL"
"66","Cambodia",2003,69,73.93449,27.5819675,1776.3097,17.0917223528328,6.45833635,13050968,69.4156723022461,57.0191403415165,100,0.16233857,0.0666760925082848,"RURAL"
"67","Cambodia",2004,85,75.03223,27.48160075,1522.2784,19.9778491724546,6.4859705,13244731,82.8017425537109,58.53308870878,102.62,0.06197198,0.0427516865507477,"RURAL"
"68","Cambodia",2005,82,76.13388,27.44313575,1647.2964,22.8886756357962,6.15047693,13439202,94.011848449707,59.8022578613588,108.87,0.02350696,0.0415420186839723,"RURAL"
"69","Cambodia",2013,86,85.94023,27.5749730833333,2008.6268,47.5240172212346,5.46154881,15170208,94.204833984375,69.2776988970285,100.36,0.15534432,0.000537634333333333,"RURAL"
"70","Cameroon",1994,38,26.876635,24.19417925,2093.2114,NA,NA,12704903,NA,NA,54.71,-0.35991907,0.55026455026455,"RURAL"
"71","Cameroon",1995,46,27.624697,24.2906781666667,1994.7247,NA,NA,13058516,NA,NA,55.79,-0.2634201,0.15708953145022,NA
"72","Cameroon",1996,46,28.378326,24.20413425,1871.6907,NA,NA,13414757,NA,NA,59.45,-0.34996414,0.519958651399491,"RURAL"
"73","Cameroon",1997,48,29.140846,24.2812873333333,1782.6921,NA,NA,13775214,NA,NA,57.85,-0.27281094,0.574585635359116,"RURAL"
"74","Cameroon",1998,56,29.922802,24.95916375,1741.4642,NA,NA,14144860,NA,NA,60.97,0.4050654,0.564374955897606,"RURAL"
"75","Cameroon",1999,59,30.727276,24.0633315,2003.8579,NA,NA,14525140,49.1237907409668,NA,65.56,-0.49076667,0.319672131147541,"URBAN"
"76","Cameroon",2000,62,31.547012,24.0046696666667,1799.411,38.2963191886427,4.29573393,14912631,50.3857307434082,56.3102137004233,65.02,-0.54942876,0.536144578313253,"URBAN"
"77","Cameroon",2001,63,32.386536,24.1361705833333,1679.9768,38.3301303382151,4.16830397,15309490,NA,57.0664321951166,68.58,-0.4179276,0.437610005153975,"RURAL"
"78","Cameroon",2002,66,33.26667,24.3495998333333,1730.1885,38.3674033125202,4.02669907,15725528,NA,57.8070159706812,66.53,-0.20449845,0.531869093158756,NA
"79","Cameroon",2003,73,34.1865,24.576661,1704.7131,38.59076542374,3.90227985,16160340,57.1198310852051,58.5315757764966,66.95,0.022562822,0.692843297616983,"RURAL"
"80","Cameroon",2004,73,35.138725,24.5342466666667,1740.0034,38.8160973579278,3.72798991,16610487,59.1431694030762,59.2406478259978,70.51,-0.019851526,0.449257268500512,"RURAL"
"81","Cameroon",2005,80,36.120564,24.804144,1590.8184,39.042535815984,3.77274442,17074594,NA,59.9329922487441,72.23,0.25004578,0.648854961832061,"URBAN"
"82","Cameroon",2006,81,37.12713,24.6915636666667,1543.2322,39.2707706827341,3.73662829,17550407,51.4517784118652,60.6096169460461,74.37,0.13746531,0.173741729898559,"RURAL"
"83","Cameroon",2008,84,39.292606,24.4244420833333,1636.927,39.7329093241941,3.65843678,18574056,71.2364501953125,61.9160862352195,81.96,-0.12965615,0.602160241912745,"RURAL"
"84","Cameroon",2011,81,42.800594,24.5728749166667,1609.703,40.4400396496545,3.85282946,20232304,71.0284576416016,63.7587752998518,79.86,0.018776735,0.225889706968373,"RURAL"
"85","Cameroon",2013,76,45.275814,24.6873306666667,1731.7439,40.9206144735396,3.63136435,21402376,NA,64.9095494694424,82.35,0.13323243,0.21286518435,"RURAL"
"86","Cameroon",2014,76,46.666767,24.651246,1793.232,41.16335571391,4.34148788,22059893,73.6742401123047,65.4615077465372,91.08,0.097147785,0.197952280671884,NA
"87","Cameroon",2018,68,52.476868,24.8707915833333,1662.9219,42.1505011655075,3.61970162,24806383,64.431770324707,67.5153572148012,114.75,0.3166933,0.224219991162142,"RURAL"
"88","Cameroon",2019,67,53.95707,25.050589,1908.4283,42.4008580058119,3.65157914,25506095,65.4423599243164,67.9904842171552,101.23,0.49649096,0.0952380952380952,"URBAN"
"89","Cameroon",2022,71,58.455975,24.7769325833333,1566.0087,43.119165338496,4.47835922,27632771,69.4347381591797,69.5925526409308,110.47,0.22283427,0.256819992296441,"RURAL"
"90","Chad",1994,18,5.387077,26.1539446666667,431.72464,NA,NA,6783450,19.9860897064209,NA,31.27,-0.9948638,0,NA
"91","Chad",1995,18,5.6297736,26.6031375833333,362.1043,NA,NA,7089064,14.5031604766846,NA,33,-0.5456708,0,NA
"92","Chad",2004,21,7.877997,27.1309350833333,264.09692,10.0242445629892,4.03654861,9920036,33.3219299316406,40.9739127227244,54.06,-0.017873287,0.1625,"URBAN"
"93","China",1994,85,128.77887,7.14888339833333,892.4657,NA,NA,1191835000,87.988151550293,NA,47.28,-0.036646504,0.181159420289855,NA
"94","China",1996,83,131.11603,6.4881223125,876.42865,NA,NA,1217550000,92.4314270019531,NA,53.5,-0.69740766,0.0387323943661972,"RURAL"
"95","China",1997,84,132.20193,6.82749357,844.0419,NA,NA,1230075000,93.2278594970703,NA,58.36,-0.35803643,0.0238953645974519,"RURAL"
"96","China",1998,84,133.23595,7.59232314666667,954.80756,NA,NA,1241935000,NA,NA,63.25,0.4067932,0.0261141218562559,"RURAL"
"97","China",2000,85,135.23143,6.78595279166667,859.003,56.8201112825324,4.50828123,1262645000,NA,78.8969610642735,68.08,-0.39957717,0.0185194229638674,"RURAL"
"98","China",2001,86,136.20541,7.18011835,809.0416,57.5684585923258,4.25330067,1271850000,NA,79.2533944100334,69.41,-0.005411625,0.0020613483073547,"RURAL"
"99","China",2002,86,137.07265,7.31481906666667,858.8918,59.7190892301783,4.38285255,1280400000,NA,80.4400534180013,71.34,0.12928915,0.124950903377848,"RURAL"
"100","China",2003,86,137.88754,7.10578745691667,824.7141,61.8436133436577,4.41762781,1288400000,NA,81.5969254609016,74.54,-0.079742454,0.0115657432359284,"RURAL"
"101","China",2004,87,138.69527,7.2820186375,773.33167,63.9406211866297,4.29347467,1296075000,NA,82.7229101344337,77.28,0.09648859,0.0156343123748201,"RURAL"
"102","China",2005,87,139.5396,6.94429212166667,809.3991,66.007415268661,4.17605019,1303720000,NA,83.8157983145536,81.31,-0.24123786,0.028581158219466,"RURAL"
"103","China",2006,93,140.39459,7.51862723833333,749.2904,68.0323494379767,3.94742203,1311020000,92.4162292480469,84.8656287015905,83.26,0.3330973,0.0173155908546278,NA
"104","China",2007,93,141.22112,7.72165724166667,756.8613,70.0209795374,3.67491412,1317885000,96.407600402832,85.8774230526273,82.84,0.5361271,0.00819788097605941,NA
"105","Colombia",1993,88,31.0423,23.3876680833333,3587.6184,NA,NA,34441473,85.0447006225586,NA,56.7,-0.47291026,0.0938321815913235,NA
"106","Colombia",1994,85,31.660534,23.3974655833333,3616.5588,NA,NA,35127410,84.8173217773438,NA,59.83,-0.46311283,0.121951219512195,"RURAL"
"107","Colombia",1996,85,32.86407,23.20228375,3487.15,NA,NA,36462745,89.6014175415039,NA,65.4,-0.6582945,0.0613207547169811,"RURAL"
"108","Colombia",2001,80,35.790184,23.4908641666667,3269.2317,76.3209690547615,5.94238281,39709262,96.9997787475586,92.2691173355502,71.3,-0.3697141,0,"URBAN"
"109","Colombia",2003,92,36.89714,23.74391125,3401.5312,78.1105144810919,5.77505445,40937429,NA,92.8717379215959,72.44,-0.116667114,0.035796766743649,"RURAL"
"110","Colombia",2004,89,37.44311,23.7935513333333,3230.761,79.0025604937672,5.79892111,41543171,104.35856628418,93.1651930443208,75.32,-0.06702709,0.090625,"RURAL"
"111","Colombia",2006,93,38.47771,23.8148853333333,3335.453,80.7809581807122,6.33546638,42691084,113.180770874023,93.7365220800179,84.84,-0.04569292,0.0613207547169811,NA
"112","Colombia",2007,94,38.9683,23.9275160833333,3402.6023,81.6671233440099,6.49102163,43235374,114.754417419434,94.014341189398,87.13,0.06693777,0.00317911255411255,"RURAL"
"113","Colombia",2011,85,40.792755,23.87806175,3560.0776,85.1924601803427,6.78076792,45259614,118.851791381836,95.0760498001745,88.95,0.017483234,0.001625998875,NA
"114","Comoros",2006,69,324.93607,24.8755719166667,1817.2461,33.0502370446673,5.77341843,604753,NA,86.6815099521752,93.38,-0.12489271,0.364166666666667,NA
"115","Ecuador",2008,96,58.6856,20.6385411666667,3172.7634,78.175463960346,5.52174902,14575202,NA,88.0969010489875,87.25,0.042719204,0.00314422533827256,"RURAL"
"116","Eritrea",2002,90,19.769619,27.1081054166667,303.01428,8.98629582134225,6.68857431,2392978,56.4684715270996,47.440924376313,75.02,0.20380545,0.0333333333333333,"RURAL"
"117","Ethiopia",1993,28,49.7669065,22.79328925,1021.06573,NA,NA,53708891,NA,NA,44.13,-0.5775463,0,NA
"118","Ethiopia",1994,57,49.275986,23.1554303333333,1025.0121,NA,NA,55611508,14.2778997421265,NA,44.45,-0.21540515,0.0576180949263358,"RURAL"
"119","Ethiopia",1995,57,50.982414,23.2939181666667,1005.998,NA,NA,57537335,14.6855201721191,NA,45.2,-0.07691749,0.0356650569302295,"RURAL"
"120","Ethiopia",1996,55,52.692814,22.9067368333333,1157.9468,NA,NA,59467635,16.1845893859863,NA,49.15,-0.4640986,0.342,NA
"121","Ethiopia",1997,55,54.40905,23.10995475,1202.279,NA,NA,61404539,NA,NA,49.71,-0.2608808,0.031496062992126,"RURAL"
"122","Ethiopia",1999,27,57.92678,23.1524950833333,919.51556,NA,NA,65374561,19.449089050293,NA,52.26,-0.21834056,0.0135227808190794,"RURAL"
"123","Ethiopia",2001,32,61.571404,22.9365481666667,995.9235,3.09531157596367,4.72316694,69487762,26.3691902160645,20.2320410406542,53.14,-0.4342874,0.131782945736434,"RURAL"
"124","Ethiopia",2003,37,65.42131,23.2234543333333,942.69977,3.69805219630623,4.89970922,73832663,32.8060913085938,23.2981637789492,75.42,-0.1473813,0.044,"RURAL"
"125","Ethiopia",2004,40,67.41016,23.1635478333333,967.6139,4.0092482931609,4.31281853,76077206,35.0845909118652,24.8131815247792,77.21,-0.20728779,0.026266720844004,"URBAN"
"126","Ethiopia",2005,44,69.43949,23.4351118333333,1017.88763,4.31644032463521,4.10098124,78367470,41.3737182617188,26.3163660068506,75.29,0.06427622,0.0721613520464037,"RURAL"
"127","Ethiopia",2006,46,71.50939,23.3771025,1128.861,4.61983246123029,4.45757294,80703490,45.2668190002441,27.8082946441902,81.87,0.006266912,0.044591984168242,"RURAL"
"128","Ethiopia",2008,54,75.79816,23.2402165833333,918.3845,5.24481811104458,4.28063869,85543668,48.5430107116699,30.8752129693809,94.46,-0.13061889,0.0961538461538462,NA
"129","Ethiopia",2009,58,77.981415,23.9343658333333,816.83655,5.56530539724539,4.6496563,88007636,50.6532287597656,32.4383798883198,88.53,0.56353045,0.00367052950050047,NA
"130","Ethiopia",2010,61,80.22397,23.53433925,1068.4465,5.88367348842843,5.46637249,90538514,57.5203399658203,33.98875142441,107.54,0.16350365,0.027363184079602,"URBAN"
"131","Ethiopia",2011,65,82.537926,23.34428975,949.54614,6.19978430281278,4.46897745,93149970,52.9997825622559,35.5250490303748,97.98,-0.026545843,0.0141176470588235,"URBAN"
"132","Ethiopia",2012,62,84.88496,23.5417345833333,948.15753,6.51408999312917,4.5395956,95798767,51.1800079345703,37.0481962437743,96.77,0.17089891,0.0309933996868687,NA
"133","Ethiopia",2013,59,87.22419,23.3322306666667,1059.8037,6.82389059062955,4.07506514,98438751,NA,38.548228349882,95.05,-0.038605053,0,NA
"134","Ethiopia",2017,68,97.1728,23.8812725,960.3114,8.0471575170489,3.45336914,109666481,NA,44.4084974167704,105.88,0.51043683,0.0116397023627172,"RURAL"
"135","Ethiopia",2018,67,99.82898,23.4138711666667,1057.4076,8.34992303821713,3.30371761,112664152,NA,45.8381608718736,107.62,0.043035507,0.0110098040196724,"RURAL"
"136","Ethiopia",2019,68,102.552086,23.8374194166667,1146.1527,8.65203916056794,3.24287128,115737383,NA,47.2539785569372,115.94,0.46658373,0.159090909090909,"RURAL"
"137","Ethiopia",2021,65,108.22404,23.7435549166667,822.3942,9.25478025646195,3.2075386,122138588,NA,50.0425628235297,112.51,0.3727193,0.211087545658065,"RURAL"
"138","Gabon",1993,67,4.1384254,24.1482604166667,2092.4404,NA,NA,1066405,NA,NA,71.43,-0.4168733,0.414012738853503,NA
"139","Gabon",1994,69,4.248341,24.0949285,2221.9045,NA,NA,1094720,NA,NA,71.93,-0.4702053,0.638613861386139,NA
"140","Gabon",1995,70,4.3589473,24.30834,2222.7405,NA,NA,1123213,61.3801689147949,NA,74.36,-0.25679383,0.190184049079755,"RURAL"
"141","Gabon",1996,62,4.4707108,23.9238569166667,2172.2654,NA,NA,1152015,62.3264389038086,NA,75.58,-0.64127684,0.192982456140351,NA
"142","Gabon",1997,54,4.584934,24.2018855833333,2125.8838,NA,NA,1181439,64.5356292724609,NA,78.31,-0.36324787,0.650887573964497,"URBAN"
"143","Gabon",1998,50,4.702503,24.8805616666667,2082.7556,NA,NA,1211736,NA,NA,80.43,0.31542793,0.356557377663934,"RURAL"
"144","Gabon",1999,45,4.8239417,24.0930370833333,2358.6077,NA,NA,1243016,NA,NA,81.9,-0.4720966,0.350173392181589,NA
"145","Gabon",2000,45,4.9502463,24.01948825,2085.437,33.9814209305903,2.90124774,1275572,NA,80.4033637747278,83.68,-0.5456454,0.51663405,"RURAL"
"146","Gabon",2013,79,7.424256,24.8318700833333,1862.3992,47.2348995593806,2.84087205,1913059,NA,83.9961533518138,97.89,0.26673618,0.2315,"RURAL"
"147","Gabon",2014,70,7.6778245,24.8178805,1981.456,48.3267109980033,2.53282261,1978399,NA,84.1376398407192,98.81,0.25274673,0.234,"RURAL"
"148","Gabon",2019,70,8.800636,25.2004619166667,2312.1763,49.7848246840842,2.7768569,2267706,72.9149398803711,85.9840211658641,102.77,0.6353281,0.0200164588406613,"URBAN"
"149","Gabon",2020,63,9.013409,25.2735054166667,2215.6045,49.8241656819812,3.41717625,2322539,NA,86.3106054147686,101.55,0.7083718,0.222706667751969,"RURAL"
"150","Gabon",2021,75,9.223751,25.0893639166667,2158.9998,49.8612671247622,2.69024062,2376722,82.0206985473633,86.6249293561994,102.67,0.5242303,0.220311839987681,"RURAL"
"151","Ghana",1993,66,72.91017,26.984163,1258.9249,NA,NA,16589519,NA,NA,52.17,-0.39160648,0.382105928396303,"RURAL"
"152","Ghana",1996,71,78.27496,26.82525225,1151.5814,NA,NA,17810181,NA,NA,52.86,-0.5505174,0.34293948,"RURAL"
"153","Ghana",1997,71,80.1594,27.0859346666667,1112.6172,NA,NA,18238958,NA,NA,52.07,-0.28983513,0.265734265,"RURAL"
"154","Ghana",1998,76,82.1331,27.7141610833333,1068.6796,NA,NA,18688036,NA,NA,51.91,0.33839163,0.3375,"RURAL"
"155","Ghana",2000,88,86.304146,27.0650715,1006.39325,6.24573244330994,1.7894485,19637087,64.9445495605469,65.2185051906446,59.86,-0.31069818,0.73134328358209,"RURAL"
"156","Ghana",2002,78,91.10475,27.26485775,1126.2535,7.23251503810142,2.0873971,20729388,63.9406700134277,67.1320851143851,60.5,-0.110911846,0.247805405442555,"RURAL"
"157","Ghana",2003,80,93.59808,27.3567560833333,1144.9379,8.13639297693297,2.29618859,21296705,65.3432693481445,68.1879036642875,64.9,-0.019013405,0.0283333333333333,"URBAN"
"158","Ghana",2004,80,96.11024,27.258714,960.93567,9.05994534742738,2.5311327,21868298,65.1796722412109,69.2452756848698,65.04,-0.117055416,0.020427,"URBAN"
"159","Ghana",2005,84,98.66432,27.3963004166667,1025.1709,10.0024406425603,3.50288439,22449438,71.6062698364258,70.3033002782999,66.61,0.0205307,0.253378378378378,"URBAN"
"160","Ghana",2006,84,101.26294,27.43572025,988.3599,10.9638541974486,3.92255616,23040702,69.7014083862305,71.3628223620326,71.1,0.05995067,0.402597402597403,"URBAN"
"161","Ghana",2007,94,103.90686,27.4412744166667,1123.3136,11.9437515914647,3.96242404,23642279,75.8752670288086,72.4236848411952,73.33,0.06550471,0.1588785,"RURAL"
"162","Ghana",2010,94,111.96159,27.83849775,1166.3259,14.9904419527654,4.73425055,25474995,NA,75.6140589422072,83.62,0.46272835,0.357222125615764,"RURAL"
"163","Ghana",2011,91,114.686844,27.497421,1056.6996,16.0404640405783,4.4685564,26095088,88.1638107299805,76.6802747180995,86.46,0.12165133,0.230392156862745,"RURAL"
"164","Ghana",2014,98,123.241585,27.5117416666667,1198.4973,19.2871057808726,4.01644135,28041592,89.2414321899414,79.8844304386383,95.85,0.13597202,0.345340603457889,"RURAL"
"165","Ghana",2016,93,129.02167,28.0255820833333,1213.7914,21.5279300969224,3.39035821,29356742,NA,82.0248834358595,102.68,0.6498127,0.187925740452901,"RURAL"
"166","Ghana",2019,97,137.38177,28.0162205,1340.6803,24.9960729195517,3.25450468,31258945,NA,85.2423371017475,111.45,0.64045095,0.0662110583746562,"RURAL"
"167","Guinea",1998,56,32.89088,26.2087405,1599.344,NA,NA,8081990,25.8174800872803,NA,41.1,0.2651596,0.304105276640807,"RURAL"
"168","Guinea",2012,57,44.447056,25.68776825,1753.2686,19.8535692875928,3.50398517,10921581,61.0377883911133,59.3282131204165,87.69,-0.25581264,0.348348088487176,"RURAL"
"169","Guinea",2021,47,55.797127,26.6737830833333,1620.3524,30.0258480711338,3.7175858,13710513,63.183910369873,70.179197632542,102.32,0.7302022,0.246094421092066,"RURAL"
"170","Guinea-Bissau",1993,63,37.649467,27.4160844166667,1355.0374,NA,NA,1058745,NA,NA,60.77,-0.12856357,0.242424242424242,"URBAN"
"171","Guinea-Bissau",1995,45,39.82589,27.7097899166667,1339.4331,NA,NA,1119949,NA,NA,61.83,0.16514175,0.464285714285714,"URBAN"
"172","Guinea-Bissau",1996,53,40.664757,27.5928314166667,1316.2859,NA,NA,1143535,NA,NA,63.77,0.04818328,0.591549295774648,"URBAN"
"173","Guinea-Bissau",2003,60,46.89765,27.5523818333333,1449.9673,5.64179288235145,3.53315258,1318806,NA,56.6256018688684,75.32,0.007733822,0.032823002240478,"URBAN"
"174","Guinea-Bissau",2008,77,52.91643,27.52537275,1408.1157,11.1050118138525,5.45864058,1488054,NA,58.5311084260917,90.45,-0.019275188,0.0392320755908767,"RURAL"
"175","Haiti",2006,62,334.4165,25.0682983333333,903.5421,23.0518749621917,3.48013902,9216562,NA,60.2473792119938,94.98,0.0682737,0.00372340425531915,"RURAL"
"176","Haiti",2010,67,355.70563,25.1050670833333,1289.7793,27.1564387955898,4.54871035,9803294,NA,62.2007893646649,97.2,0.105042614,0.00253375,"RURAL"
"177","Honduras",1996,94,52.765224,22.855753,1884.7446,NA,NA,5903954,67.1646194458008,NA,70.29,-0.64777595,0.0945611285266458,NA
"178","Honduras",1998,97,55.71893,23.8584471666667,1955.1143,NA,NA,6234431,68.6663208007812,NA,70.07,0.35491833,0.0480219916343884,"RURAL"
"179","India",1993,61,310.14444,23.9251761666667,1174.9967,NA,NA,922118387,NA,NA,38.04,-0.24073076,0.0465465465465465,"RURAL"
"180","India",1994,67,316.55014,23.8098315833333,1275.7301,NA,NA,941163767,NA,NA,39.48,-0.35607544,0.072519763233716,NA
"181","India",1995,71,322.98676,24.0250531666667,1186.0588,NA,NA,960301044,73.2536087036133,NA,41.68,-0.14085372,0.141579078378716,"RURAL"
"182","India",1996,66,329.50415,23.924787,1191.4233,NA,NA,979678458,NA,NA,43.22,-0.24112003,0.16980134305585,NA
"183","India",1997,62,336.04773,23.4932564166667,1206.3059,NA,NA,999133762,NA,NA,44.56,-0.672651,0.11314365918509,"RURAL"
"184","India",1998,61,342.61685,24.1715731666667,1201.0219,NA,NA,1018665080,NA,NA,46.33,0.005665938,0.132143239582512,NA
"185","India",1999,59,349.1959,24.0576628333333,1088.3833,NA,NA,1038225823,68.8994216918945,NA,48.46,-0.10824426,0.228867623630383,NA
"186","India",2000,58,355.82074,23.9417970833333,1079.3531,14.0857618131944,4.10568476,1057922733,71.4690093994141,79.879271219411,49.8,-0.22410996,0.328571428571429,NA
"187","India",2001,59,362.5394,24.018223,1107.9401,16.7234855495744,4.33754253,1077898575,76.3768005371094,80.4891122986238,51.86,-0.1476841,0.159059634582248,"RURAL"
"188","India",2002,59,369.1659,24.3815641666667,999.93604,19.5366220956603,4.31453371,1097600380,78.67822265625,81.1305571787929,53.02,0.21565723,0.113286133339751,"RURAL"
"189","India",2003,61,375.62448,24.1234889166667,1225.7537,22.3687658590963,4.07877731,1116803006,82.9625930786133,81.768990903233,54.25,-0.042418163,0.137779882333935,"RURAL"
"190","India",2004,63,382.07834,24.1677443333333,1104.7363,25.2200839820911,4.02679491,1135991513,NA,82.4045080736675,56.82,0.0018372536,0.0222186998599443,"RURAL"
"191","India",2005,65,388.36276,24.089312,1156.1407,28.0895366732874,3.85508275,1154676322,NA,83.0367817028024,59.27,-0.076594986,0.0308172974169111,"RURAL"
"192","India",2006,65,394.485,24.340469,1180.9954,30.9773052982116,3.66901541,1172878890,NA,83.6659240960625,62.06,0.17456198,0.0466736667769506,NA
"193","India",2007,64,400.47086,24.2180339166667,1294.9424,33.8835011422482,3.58103991,1190676021,NA,84.2920134047185,66.15,0.052126724,0.136204429900307,"RURAL"
"194","India",2008,70,406.27438,23.9867195833333,1261.435,36.8078425757573,3.58856082,1207930964,98.2635498046875,84.9149974493222,68.38,-0.1791873,0,NA
"195","India",2009,74,412.19186,24.7037221666667,1115.5985,39.7494111123946,3.54637694,1225524753,99.3028717041016,85.5345912190397,70.89,0.5378151,0.03719,"RURAL"
"196","India",2010,79,418.23145,24.6584351666667,1351.2405,42.7083153635918,3.33625913,1243481564,NA,86.1508722744759,78.77,0.4925283,0.259259,"RURAL"
"197","India",2012,82,430.06818,24.120452,1133.577,48.6803118983771,3.32935286,1278674502,NA,87.3745079483664,85.9,-0.04545498,0.060537147625,"RURAL"
"198","India",2013,83,435.8381,23.93302725,1350.3315,51.6944537516583,3.74944186,1295829511,96.9724807739258,87.9823668573986,89.71,-0.23287964,0.138059701492537,NA
"199","India",2014,85,441.3701,24.1624293333333,1102.0253,54.7265188290698,3.61956549,1312277191,99.0280990600586,88.5873718355345,94.94,-0.0034777324,0.0461215932914046,NA
"200","Indonesia",1993,66,102.13974,24.7206205833333,2990.4817,NA,NA,193305168,92.7073974609375,NA,54.27,-0.40544415,0.0478588634971298,"RURAL"
"201","Indonesia",1994,68,103.87636,24.7258495833333,3005.0403,NA,NA,196591828,95.4393692016602,NA,57.25,-0.4002153,0.0380287638911228,"RURAL"
"202","Indonesia",1995,69,105.61804,24.8323116666667,3588.3894,NA,NA,199888057,95.2415237426758,NA,54.36,-0.29375315,0.0782831630668947,"RURAL"
"203","Indonesia",1996,72,107.37033,24.84110775,3279.4084,NA,NA,203204348,94.8697280883789,NA,58,-0.28495708,0.0215679016147679,"RURAL"
"204","Indonesia",1997,73,109.130775,25.0308278333333,2342.6814,NA,NA,206536095,95.4097137451172,NA,57.55,-0.095236935,0.118732227998758,"RURAL"
"205","Indonesia",1998,74,110.86953,25.4498126666667,3524.3354,NA,NA,209826788,NA,NA,49.73,0.3237481,0.064338700135388,"RURAL"
"206","Indonesia",1999,75,112.548676,24.7972771666667,3380.8242,NA,NA,213004668,NA,NA,46.25,-0.32878765,0.0407600661424026,"RURAL"
"207","Indonesia",2000,75,114.17248,24.8315538333333,3345.4768,40.2172598962037,1.85297656,216077790,NA,75.2848191583704,52.09,-0.294511,0.0817983541028743,NA
"208","Indonesia",2001,76,115.76826,24.93264475,3229.5305,42.3064052278047,2.11850214,219097902,95.3834915161133,76.2593157969917,56.63,-0.19341993,0.0850290001838548,"RURAL"
"209","Indonesia",2002,70,117.34845,25.0872009166667,2710.366,44.4149716714658,1.98062706,222088495,97.3382034301758,77.2244511616934,62.92,-0.03886366,0.106184205840028,NA
"210","Indonesia",2003,71,118.91221,25.0522224166667,3076.247,46.5416632231283,2.24837184,225048008,99.5420532226562,78.1799292696413,66.34,-0.07384237,0.0413962303549363,NA
"211","Indonesia",2004,71,120.43325,25.0500388333333,2796.8582,48.6862011052539,2.12002277,227926649,98.6548461914062,79.1261137314695,70.83,-0.07602581,0.0300149484698633,NA
"212","Indonesia",2005,72,121.98934,25.12470475,3123.928,50.8459818744068,2.53189397,230871650,98.9920120239258,80.0618734021774,64.31,-0.0013602575,0.0658379638321258,"RURAL"
"213","Indonesia",2006,72,123.616776,25.09937925,2938.029,53.0210842646296,2.61946416,233951652,97.5537185668945,80.9767562559622,72.83,-0.026685556,0.0285587610272222,"RURAL"
"214","Indonesia",2007,73,125.260414,25.1043125833333,3324.9883,55.2099624923316,2.82385564,237062337,100.271362304688,81.881582956157,72.06,-0.0217522,0.0300002530223909,"RURAL"
"215","Indonesia",2008,77,126.896065,24.9288615833333,3469.9106,57.4122949055182,2.54842305,240157903,99.1960372924805,82.7767301263991,71.9,-0.19720316,0.0186634167923198,"URBAN"
"216","Indonesia",2009,78,128.51405,25.2981141666667,2958.5571,59.6260299511536,2.62324095,243220028,100.199127197266,83.6614405618851,74.32,0.17204936,0.0147030185004869,NA
"217","Indonesia",2010,81,130.14429,25.4247415,3773.515,61.8456968664636,2.7908783,246305322,102.534896850586,84.5326117527197,79.39,0.29867664,0.000577793238368903,"RURAL"
"218","Indonesia",2013,92,135.18886,25.2925585,3652.3726,68.4990104492093,2.86934805,255852467,107.166213989258,87.039688549159,94.01,0.16649373,0.0374511095287623,"RURAL"
"219","Indonesia",2015,84,138.33105,25.4581339166667,2802.0144,72.9895935526156,2.92428517,261799249,109.528511047363,88.6672494941837,99.13,0.33206907,0.01095251875,"RURAL"
"220","Indonesia",2016,84,139.82542,25.7707371666667,3754.9534,75.2488988194538,3.02147198,264627418,107.964698791504,89.4676670658379,106.81,0.6446726,0,NA
"221","Kenya",1993,89,44.131744,24.5914240833333,624.21326,NA,NA,25117188,NA,NA,54.75,-0.6416901,0.427371907918305,NA
"222","Kenya",1994,92,45.431858,24.9835491666667,797.9284,NA,NA,25857130,NA,NA,55.08,-0.24956496,0.271004830424454,NA
"223","Kenya",1995,94,46.740166,25.0331658333333,679.63995,NA,NA,26601751,NA,NA,55.49,-0.19994847,0.599190685175596,"RURAL"
"224","Kenya",1996,87,48.044685,25.0198500833333,612.6134,NA,NA,27344211,NA,NA,55.55,-0.21326415,0.355555555555556,"RURAL"
"225","Kenya",1997,79,49.375736,24.89411875,1020.57983,NA,NA,28101768,NA,NA,58.22,-0.33899513,0.401467144234743,NA
"226","Kenya",1998,81,50.757305,24.7626016666667,860.5289,NA,NA,28888057,NA,NA,58.07,-0.4705124,0.461726884665277,"RURAL"
"227","Kenya",1999,82,52.24262,24.8969234166667,564.8048,NA,NA,29733408,NA,NA,62.92,-0.33619055,0.272108886089483,"RURAL"
"228","Kenya",2000,82,53.840607,25.1041415,487.31097,28.0531661128667,3.62446713,30642890,NA,47.5215439625049,60.85,-0.1289727,0.112088388646281,"RURAL"
"229","Kenya",2001,80,55.55598,24.9702650833333,699.1121,28.3656056383386,3.73997474,31619170,NA,48.2518992281649,66.06,-0.262849,0.229283949783895,"RURAL"
"230","Kenya",2002,84,57.33169,25.05404025,721.69934,28.7335944914558,3.82154393,32629808,NA,48.979444352568,71.77,-0.17907381,0.270958610597929,"RURAL"
"231","Kenya",2003,73,59.128128,25.23653125,630.88367,29.103314991973,4.03360462,33652223,NA,49.7040605333866,74.9,0.003417174,0.464478803237633,"RURAL"
"232","Kenya",2004,73,60.992733,25.2293125,679.4096,29.4748031581827,4.21154118,34713455,86.1129379272461,50.4256238590254,81.12,-0.0038016636,0.317234370407838,"RURAL"
"233","Kenya",2005,76,62.895657,25.568314,543.1577,29.848047955005,4.2173605,35796484,87.9280014038086,51.1430915602267,87.22,0.33519983,0.176957759367831,"RURAL"
"234","Kenya",2006,80,64.84161,25.33164625,891.52423,30.2231399084341,5.01337528,36904008,NA,51.8573012461913,90.72,0.0985322,0.2021482257938,"RURAL"
"235","Kenya",2007,81,66.831184,25.3266325,684.0099,30.6001210320194,5.12351847,38036349,NA,52.5681331555402,95.36,0.09351841,0.177355685156325,"URBAN"
"236","Kenya",2008,88,68.88692,25.269921,597.96344,30.979034639325,5.19043827,39206351,NA,53.275470069156,100.31,0.0368069,0.0382881186437232,"RURAL"
"237","Kenya",2009,88,70.999825,25.71184325,500.1391,31.3598599769359,5.29172945,40408891,NA,53.9783235891312,106.27,0.47872925,0.0821802583566071,"RURAL"
"238","Kenya",2010,90,73.09014,25.4671214166667,739.1493,31.74269809332,5.38849831,41598567,NA,54.6774682238522,106.04,0.2340072,0.109734820476459,NA
"239","Kenya",2011,96,75.12814,25.46421375,750.0555,32.1277605077796,5.20212841,42758461,NA,55.3748717303116,106.79,0.23109977,0.121149789844444,"RURAL"
"240","Kenya",2012,94,77.1133,25.32406,731.06274,32.5150753685583,5.0180583,43888303,NA,56.069887517384,103.41,0.09094572,0.065029,"URBAN"
"241","Kenya",2013,87,79.04337,25.1865045,803.0355,32.9047720711466,4.93100405,44986791,NA,56.763103474007,104.19,-0.046609562,0.0291901582462054,NA
"242","Kenya",2014,92,80.914,25.46517575,661.53986,33.2968469581464,4.91267347,46051440,99.568962097168,57.4534727374167,103.41,0.23206186,0.26980198019802,"RURAL"
"243","Kenya",2015,89,82.736206,25.707965,772.164,33.6913972045979,4.76439571,47088526,102.084579467773,58.1411638109897,108.91,0.47485098,0.0595780167327759,"RURAL"
"244","Kenya",2016,88,84.583115,25.6895964166667,608.62805,34.0884942632235,4.75429106,48139687,102.726585388184,58.8259446957595,87.68,0.4564824,0.0267522385426316,"RURAL"
"245","Kenya",2020,93,91.74768,25.45274425,962.36774,35.7038199428417,4.49248838,52217334,NA,61.5318675559739,104,0.21963024,0.028613175133648,"RURAL"
"246","Liberia",2008,75,39.669426,25.0168239166667,2440.91,14.9804986862234,5.99615717,3821003,58.6805686950684,68.242565407297,79.13,-0.04412858,0.250843513365401,"RURAL"
"247","Liberia",2009,81,40.936325,25.0324945,1996.8815,15.4613878781595,11.57163906,3943028,58.5785102844238,68.8182820225148,84.39,-0.0284578,0.326817421539152,"RURAL"
"248","Liberia",2011,77,43.824043,24.938884,2123.047,16.4501799867755,9.71052551,4221178,63.9139785766602,69.9478732610742,95.45,-0.122068405,0.278459755452532,"RURAL"
"249","Madagascar",1993,66,22.683575,22.1007051666667,1313.841,NA,NA,13197345,31.2682094573975,NA,84.68,-0.53359574,0.475396766271333,"RURAL"
"250","Madagascar",1994,66,23.399466,22.205255,1589.5823,NA,NA,13613850,28.6623096466064,NA,85.46,-0.429046,0.174720590787801,"RURAL"
"251","Madagascar",1995,57,24.151295,22.4578600833333,1422.6534,NA,NA,14051275,28.3780002593994,NA,87.83,-0.17644088,0.196251826508941,"RURAL"
"252","Madagascar",1996,49,24.940992,22.2575991666667,1417.8895,NA,NA,14510711,28.8074607849121,NA,87.34,-0.3767015,0.0844900732180229,"RURAL"
"253","Madagascar",1997,49,25.76618,22.4067081666667,1503.9493,NA,NA,14990814,NA,NA,90.47,-0.22759263,0.257063640199132,"RURAL"
"254","Madagascar",1998,52,26.623116,22.7106468333333,1459.5756,NA,NA,15489364,29.1679000854492,NA,89.64,0.07634592,0.0015527950310559,"RURAL"
"255","Madagascar",1999,55,27.501644,22.34472025,1137.5281,NA,NA,16000506,32.1701316833496,NA,89.49,-0.2895805,0.0942846616984548,"RURAL"
"256","Madagascar",2001,60,29.276192,22.5728768333333,1293.4574,4.27623527355919,4.11513853,17032939,34.3460502624512,37.5806865894037,82.31,-0.061424095,0.101167315175097,"URBAN"
"257","Madagascar",2002,62,30.16478,22.6398806666667,1479.2485,4.72902493987506,4.92547655,17549913,34.3873901367188,38.2126799889212,81.66,0.0055797896,0.0796064902891594,NA
"258","Madagascar",2003,66,31.061888,22.61115275,1561.2263,5.18344487592683,5.00276566,18071854,38.0341491699219,38.8436031481293,82.09,-0.023148218,0.0586907209813336,NA
"259","Madagascar",2004,78,31.981005,22.6104915,1627.0046,5.63879497378888,5.25090027,18606608,43.5429801940918,39.4738982619878,83.91,-0.023809275,0.357355326487197,"RURAL"
"260","Madagascar",2005,85,32.9317,22.6316100833333,1251.0876,6.12117429647739,5.21557808,19159707,55.1769981384277,40.2552973589026,91.02,-0.002690792,0.438095238095238,"RURAL"
"261","Madagascar",2011,73,39.22698,22.8220030833333,1388.976,9.07317357345326,4.521595,22822300,70.1377105712891,44.9557063792181,97.65,0.18770234,0.0232319461084841,"RURAL"
"262","Madagascar",2012,68,40.327248,22.7033740833333,1519.9838,9.57497722568056,3.91105914,23462438,68.488525390625,45.7379371546935,98.51,0.0690732,0.0366738195488722,NA
"263","Madagascar",2013,70,41.439053,22.7017115,1293.954,10.0796108080669,3.75156307,24109290,67.5378723144531,46.5189417208381,98.22,0.067410626,0.0229822695618823,"RURAL"
"264","Madagascar",2016,68,44.860615,22.76944325,1280.912,11.6111708642625,5.33248854,26099952,66.0451354980469,48.854353375217,102.07,0.13514249,0.0158495314474164,"RURAL"
"265","Madagascar",2021,57,51.03306,22.979239,1137.4299,14.2229669156927,3.5045228,29691083,63.171989440918,52.7043071877967,94.44,0.34493813,0.0520967918269473,"RURAL"
"266","Malawi",1996,90,109.802505,22.02544675,1336.3079,NA,NA,10352228,59.8375091552734,NA,24.83,-0.12152418,0.330508474576271,"RURAL"
"267","Malawi",1997,95,112.02788,21.983175,1629.3655,NA,NA,10562035,NA,NA,22.09,-0.16379578,0.154727682386761,"URBAN"
"268","Malawi",2000,75,120.02435,21.660719,1536.0093,9.35119168326581,2.35247517,11315942,67.0260925292969,53.8551503867891,27.21,-0.48625183,0.615174299384826,"RURAL"
"269","Malawi",2002,64,126.011635,22.0111774166667,1372.7681,9.35480607328341,2.69725966,11880440,72.6218566894531,55.5306960967453,26.12,-0.13579337,0.171411969785009,"URBAN"
"270","Malawi",2003,84,129.20584,21.9177911666667,1371.3466,9.35670091834008,3.32019806,12181574,NA,56.3642789213834,27.27,-0.22917955,0.459087504599675,"RURAL"
"271","Malawi",2005,93,136.18994,22.46174175,994.9733,11.6430175561907,4.30046511,12840031,63.6665306091309,58.0226689907609,29.05,0.31477085,0.0238095238095238,NA
"272","Malawi",2006,99,139.99411,21.9370254166667,1460.9138,13.9195187317472,4.91223288,13198701,63.4621315002441,58.8474613731577,32.43,-0.20994537,0.162789167036864,"RURAL"
"273","Malawi",2009,93,152.69125,21.9237329166667,1362.3602,20.7030013060694,5.87333822,14395788,69.6080780029297,61.3079411675592,48.28,-0.22323799,0.521950188902493,"RURAL"
"274","Malawi",2010,93,157.25945,22.3290773333333,1324.3721,22.9502207251724,5.14304781,14826463,69.3453521728516,62.127463511403,49.48,0.18210666,0.405401677951626,"RURAL"
"275","Malawi",2011,97,161.91107,22.2134478333333,1280.4807,25.1902515685701,5.32226658,15265022,71.0738677978516,62.9470286507326,62.65,0.06647714,0.59639382868,NA
"276","Malawi",2012,96,166.62645,22.1360335833333,1381.0984,27.422603378864,6.02199793,15709577,73.9334564208984,63.7660224661247,73.81,-0.010937055,0.187422915679831,"RURAL"
"277","Malawi",2013,89,171.42313,22.2589170833333,1356.3489,29.6470619862229,8.22379494,16161816,78.0661315917969,64.5846233286892,82.16,0.11194643,0.0541666666666667,NA
"278","Malawi",2014,91,176.29916,22.31931875,1351.4727,31.8630595655518,6.89776182,16621538,76.8393478393555,65.4019636230554,90.62,0.17234819,0.212208213213333,"RURAL"
"279","Malawi",2015,88,181.22128,22.6375965,1257.3793,34.0704034895695,6.62879086,17085587,NA,66.21842923585,101.64,0.4906257,0.294743567302005,NA
"280","Malawi",2016,84,186.22928,22.72016225,1212.2687,36.2684898041781,7.72703791,17557739,35.6434135437012,67.0329347081967,107.74,0.57319146,0.27741935483871,NA
"281","Malawi",2017,88,191.34138,22.404302,1506.1094,38.4570669671792,7.58438921,18039715,NA,67.84581515677,127.72,0.25733104,0.0678432017295578,"RURAL"
"282","Malaysia",1994,95,60.32689,25.1777731666667,2811.4976,NA,NA,19820446,NA,NA,50.79,-0.354009,0.00116409014714099,"RURAL"
"283","Malaysia",1995,98,61.879623,25.23150975,3179.8052,NA,NA,20330599,NA,NA,51.79,-0.30027246,0.0104570604369621,"RURAL"
"284","Malaysia",2014,97,93.42895,25.6131953333333,2850.7173,95.2983045402583,3.71036959,30696137,100.00846862793,97.0436886468194,94.65,0.08141327,0,NA
"285","Mali",1993,46,7.9944444,28.44217425,237.0774,NA,NA,9754786,NA,NA,80.13,-0.23990567,0.633931397441606,"RURAL"
"286","Mali",1994,39,8.168386,27.8396730833333,345.33575,NA,NA,9967031,NA,NA,80.78,-0.8424066,0.365182289924054,"RURAL"
"287","Mali",1995,49,8.34733,28.1823464166667,275.15933,NA,NA,10185365,NA,NA,81.19,-0.49973345,0.394186643382521,"RURAL"
"288","Mali",1998,52,8.94904,28.8360195,257.54678,NA,NA,10919573,NA,NA,79.21,0.15393972,0.329473411825592,"URBAN"
"289","Mali",2002,61,10.070562,28.9527535,215.13799,18.0121270781427,4.99773645,12288050,33.6304588317871,52.9858979916017,84.97,0.27067423,0.354961832061069,"RURAL"
"290","Mali",2004,69,10.737971,28.8907946666667,202.93095,20.7464698412891,5.21767759,13102409,38.464958190918,56.1648948654858,98.64,0.2087148,0.0343535714285714,"RURAL"
"291","Mali",2006,78,11.465507,28.5184066666667,224.01308,23.6069559732511,5.45589256,13990139,45.5662803649902,59.3326832976711,105.71,-0.16367324,0.410385247531772,"RURAL"
"292","Mali",2007,74,11.848755,28.66438575,236.53029,25.0829117113185,5.25303173,14457775,48.3464584350586,60.9112596868155,129.37,-0.017693996,0.0472972972972973,"RURAL"
"293","Mali",2008,74,12.244599,28.3556370833333,256.7934,26.5889043994531,5.02686644,14940782,51.5832901000977,62.4862618814137,129.91,-0.32644257,0.392654220779221,"RURAL"
"294","Mali",2010,73,13.067765,29.7775923333333,297.93585,29.6838043988009,4.67865133,15945198,56.0999298095703,65.6178904393184,105.68,1.0955124,0.230153543418362,"RURAL"
"295","Mali",2011,66,13.497084,29.04995925,208.04349,31.2702844442832,4.01483774,16469049,56.5069389343262,67.1723863885094,109.46,0.3678794,0.213838072,"RURAL"
"296","Mali",2012,65,13.897009,28.4083751666667,264.45776,32.8816854500786,3.7521615,16957033,52.1180191040039,68.7186397074999,94.62,-0.27370453,0.404822549255383,"RURAL"
"297","Mali",2013,64,14.308897,28.7929470833333,219.42195,34.5171909966045,3.96750712,17459615,51.8661117553711,70.2561518476449,88.22,0.11086718,0.300759991399845,"RURAL"
"298","Mali",2015,71,15.237773,28.6737430833333,255.11987,37.8578119850329,4.11143351,18593022,48.5098495483398,73.3037291686006,100.27,-0.008336544,0.267646554094584,"RURAL"
"299","Mali",2018,77,16.753119,29.05622025,277.91794,43.0319385671456,3.73249912,20442030,NA,77.8011681494126,110.96,0.3741406,0.1122207728948,"RURAL"
"300","Mali",2021,77,18.348444,29.7942195833333,189.6882,48.3865461258165,3.46649742,22388630,NA,82.203990401809,125.88,1.11214,0.122710659013174,"RURAL"
"301","Mauritania",2004,70,2.7831824,27.3564959166667,51.248363,22.9791704022434,3.70429492,2868664,NA,47.1838775605219,82.27,-0.18383615,0.002232,"URBAN"
"302","Mauritania",2005,71,2.8514805,27.87031525,79.16079,24.2726192428968,3.40312648,2939059,39.5986785888672,48.7833430823827,83.76,0.3299831,0.007264,"URBAN"
"303","Mauritania",2006,68,2.9238527,27.45330275,62.021885,25.8426775463685,2.70252752,3013660,40.751880645752,50.3993782607608,83.63,-0.08702914,0.0012405,"URBAN"
"304","Mauritania",2011,75,3.398435,27.80096125,48.043537,34.2364122777928,2.47383666,3502811,NA,58.7082503245994,90,0.26062918,0.0230709975416667,"RURAL"
"305","Mauritania",2012,80,3.5111847,27.3034415833333,80.87216,36.0288156075821,2.64919329,3619034,68.9371795654297,60.4113532940723,92.89,-0.23689032,0.00311203325,"RURAL"
"306","Mauritania",2013,80,3.6230514,27.754542,67.58858,37.8596791899108,2.86799884,3734318,70.495491027832,62.125804073415,95.22,0.21421003,0.0282778965625,"RURAL"
"307","Mauritania",2014,81,3.7338324,27.6885726666667,48.52681,39.7263190878941,3.46724391,3848514,66.885986328125,63.8479726379874,95.56,0.14824057,0.000208290342052158,NA
"308","Mauritania",2015,73,3.847783,27.88155925,83.405975,41.6283202758138,3.67363763,3965959,66.717658996582,65.5766976503204,101.31,0.34122705,0.0024305301405657,NA
"309","Mauritania",2019,80,4.334589,27.3140014166667,66.329956,49.5893944954558,3.09176588,4467708,66.2812194824219,72.5443131435372,105.04,-0.2263306,0.0120126993206449,"RURAL"
"310","Mauritania",2020,81,4.463067,28.483036,63.27776,51.6677351813684,3.00147843,4600131,NA,74.2967211205179,106.43,0.9427039,0.00509806387937957,"RURAL"
"311","Mauritania",2021,77,4.5937943,28.5055515,33.910088,53.7815564908227,3.78022528,4734874,NA,76.0527121974143,107.69,0.965219,0.0173414940364093,"URBAN"
"312","Morocco",2002,94,65.422554,18.5562905416667,297.3333,69.7649049930659,4.06117535,29198142,62.0738487243652,66.5885809593139,61.81,0.111982904,0,"RURAL"
"313","Mozambique",1999,68,22.552006,23.3555134166667,1017.27313,NA,NA,17734506,14.4112501144409,NA,84.9,-0.5591464,0.072289155,"RURAL"
"314","Mozambique",2001,73,23.573442,23.8053684166667,1015.7417,11.2260111087981,2.80098224,18537729,19.3441104888916,23.7660889119429,81.95,-0.10929123,0.306532663316583,"RURAL"
"315","Mozambique",2002,76,24.108313,23.8939895,758.9842,12.2572646339569,3.18652654,18958338,22.7311000823975,25.281950672123,73.63,-0.020670256,0.530714033170735,"RURAL"
"316","Mozambique",2003,85,24.66037,23.7892171666667,924.1792,13.3023143058234,3.25095367,19392475,NA,26.8306654926848,65.37,-0.1254425,0.390289366785823,"RURAL"
"317","Mozambique",2005,80,25.820251,24.374629,660.8351,15.4341574090753,4.21435642,20304569,42.5165710449219,30.0268645534793,72.94,0.45996937,0.3152175,"RURAL"
"318","Mozambique",2007,75,27.070358,23.9227875,1035.3237,17.6213721830878,3.79955554,21287635,46.4692306518555,33.3535146665371,66.9,0.008127849,0.247841110859417,"RURAL"
"319","Mozambique",2008,75,27.746103,23.73407075,832.17896,18.8302407708135,4.13496828,21819036,59.7992897033691,35.2069187179296,72.85,-0.18058889,0.34,NA
"320","Mozambique",2009,74,28.4744,23.8194995,805.57196,20.0645617499618,5.05562353,22391745,56.9232215881348,37.1024439275655,75.53,-0.095160164,0.65,NA
"321","Mozambique",2010,74,29.246918,24.2562905,868.9822,21.3170069551163,5.29249668,22999235,60.3175392150879,39.0283491613439,75.13,0.3416308,0.29,NA
"322","Mozambique",2011,77,30.073252,23.9431961666667,810.9572,22.5867672282022,4.9217639,23649039,56.42919921875,40.9829957259919,82.51,0.028536478,0.304771954145445,"RURAL"
"323","Mozambique",2015,85,33.75915,24.296319,848.12524,27.8360509112133,6.60972881,26547572,51.8305511474609,49.0759428639125,94.31,0.38165918,0.268265370736982,"RURAL"
"324","Mozambique",2018,85,36.901493,24.1437774166667,862.2322,31.9467194446126,7.97903347,29018644,55.0001602172852,55.4139858964107,122.81,0.2291177,0.275118559326883,"RURAL"
"325","Myanmar",1995,84,65.278465,23.6723966666667,2424.7822,NA,NA,42605338,NA,NA,11.41,0.03093338,0.155645161290323,"RURAL"
"326","Myanmar",1996,88,66.12041,23.4290951666667,2498.323,NA,NA,43154860,NA,NA,12.22,-0.21236818,0.07940329218107,NA
"327","Myanmar",1998,90,67.81027,24.17639,2156.4456,NA,NA,44257793,NA,NA,13.71,0.5349267,0.16010441184644,NA
"328","Myanmar",1999,75,68.62223,23.7646575,2510.8853,NA,NA,44787724,74.0782165527344,NA,15.91,0.12319422,0.06125,"RURAL"
"329","Myanmar",2000,82,69.39311,23.2189948333333,2452.3535,63.4598761862451,2.12591195,45290841,79.3667526245117,47.7268532369647,18.68,-0.4224685,0.0832866479925303,NA
"330","Myanmar",2001,73,70.12899,23.5049064166667,2337.3142,64.0138787377536,2.28925514,45771139,77.6823501586914,49.1890418639071,20.34,-0.13655694,0.11038961038961,NA
"331","Myanmar",2002,79,70.83612,23.5210111666667,2357.806,64.5659721349404,2.74706364,46232653,78.0184173583984,50.6713196252269,22.82,-0.12045225,0.183916111877572,NA
"332","Myanmar",2003,78,71.50189,23.5769866666667,2256.7163,65.1163566338286,2.53689265,46667192,79.8667526245117,52.1738693593399,27.5,-0.06447665,0.0458384254419885,"RURAL"
"333","Myanmar",2004,82,72.11719,23.3455276666667,2346.6582,65.6650226981939,2.46972823,47068772,82.3989791870117,53.6965766171392,32.23,-0.29593563,0.0849580492538506,"RURAL"
"334","Myanmar",2005,73,72.68345,23.9782055833333,2198.522,66.2119534701718,2.48261595,47438365,NA,55.2393218321691,38.15,0.33674225,0.0978273711544743,"RURAL"
"335","Myanmar",2006,82,73.214775,23.573588,2311.946,66.7569454756528,2.39884496,47785135,88.9234924316406,56.8017092189817,43.23,-0.06787523,0.0605626835813522,"RURAL"
"336","Myanmar",2007,86,73.735565,23.358247,2550.5098,67.3001776825017,2.15582204,48125043,90.2322463989258,58.3838996351405,47.85,-0.28321615,0.0577975651795343,"RURAL"
"337","Myanmar",2008,85,74.14274,23.4267619166667,2555.3596,67.8416370024388,2.24654627,48390793,92.4023590087891,59.9857724295587,52.84,-0.21470149,0.0666991034414798,NA
"338","Myanmar",2009,90,74.555916,23.9679003333333,2281.6987,68.3369207154711,2.30063438,48660459,92.8484497070312,61.6069476357524,61.04,0.326437,0.0462761662081312,NA
"339","Myanmar",2013,75,77.01076,23.7701310833333,2340.0933,70.2923176898012,3.29410386,50262658,NA,68.2848517202293,84.89,0.12866783,0.054783641375,"RURAL"
"340","Nicaragua",1994,81,37.803432,25.2117188333333,1425.3346,NA,NA,4549316,53.5894889831543,NA,31.87,-0.16396427,0.0133580588383203,"RURAL"
"341","Nicaragua",1995,80,38.581394,25.2845434166667,1798.2509,NA,NA,4642931,49.2785911560059,NA,31.49,-0.09113979,0.0886508011756898,"RURAL"
"342","Niger",1993,20,7.184604,26.9957986666667,56.660942,NA,NA,9100789,15.3453502655029,NA,75.98,-0.48813057,0.2025,"URBAN"
"343","Niger",1994,20,7.4194484,26.534259,113.07193,NA,NA,9398258,NA,NA,78.46,-0.94967014,0.132937322390102,"RURAL"
"344","Niger",2004,43,10.472715,27.5965873333333,51.472347,7.49361279660052,5.01118755,13265836,25.8889503479004,40.1952996142198,71.93,0.1126585,0.213220295767466,"RURAL"
"345","Niger",2007,57,11.686712,27.4523628333333,83.23162,8.99542619140241,5.38838625,14803610,38.0770492553711,41.9711167865491,80.64,-0.031566303,0.187151,"RURAL"
"346","Niger",2008,67,12.12747,26.9960688333333,67.28404,9.48812752048888,5.22304106,15361915,36.3355102539062,42.5210848692935,81.63,-0.4878602,0.113757,"RURAL"
"347","Niger",2009,71,12.5867405,28.2080193333333,58.871334,9.97724246979752,5.33017302,15943675,38.4925689697266,43.0508252721647,85.41,0.7240904,0.180791,"RURAL"
"348","Niger",2021,82,19.343254,28.2051320833333,53.871117,15.8815617318811,5.81452751,24502140,60.9836807250977,48.060252645199,119.28,0.72120285,0.172748578222959,"RURAL"
"349","Nigeria",1996,26,124.89951,26.8209924166667,1101.3198,NA,NA,113754779,NA,NA,63.55,-0.24206765,0.616655715732883,"RURAL"
"350","Nigeria",1998,32,131.58778,27.40978,1097.781,NA,NA,119846254,NA,NA,71.91,0.34672007,0.454002704048958,NA
"351","Nigeria",1999,31,135.10246,26.8988021666667,1242.5048,NA,NA,123047320,NA,NA,75.19,-0.164258,0.205714285714286,"URBAN"
"352","Nigeria",2000,29,138.76437,26.6640540833333,1033.0557,27.9946355957726,3.1973834,126382494,83.9067611694336,44.4422771880572,74.71,-0.39900604,0.5,NA
"353","Nigeria",2001,27,142.58543,26.7262070833333,997.7914,28.0339081146668,3.18946862,129862595,NA,45.7286131867996,81.1,-0.3368527,0.537070453912559,NA
"354","Nigeria",2002,25,146.54846,26.86221425,1052.4891,28.6863473284877,2.49063969,133471989,NA,47.2883073743618,85.71,-0.20084572,0.437216429669814,"RURAL"
"355","Nigeria",2003,29,150.64462,27.0781446666667,1007.9492,29.3592591376198,5.05360985,137202644,NA,48.8567642406248,83.38,0.015084584,0.360544217687075,NA
"356","Nigeria",2004,33,154.87663,27.1486178333333,1000.239,30.0532638422315,4.63368416,141057045,79.4437484741211,50.4334927622484,86.49,0.08555778,0.825242718446602,"RURAL"
"357","Nigeria",2005,36,159.22485,27.5190239166667,989.0728,30.7689136768009,4.46591949,145017253,81.8972702026367,52.0176713923367,87.33,0.45596376,0.238432305336833,NA
"358","Nigeria",2006,40,163.68268,27.4650804166667,1009.22906,31.5068482626807,4.25775146,149077334,89.1874008178711,53.6095346466067,85.91,0.40202045,0.281957506095437,NA
"359","Nigeria",2007,42,168.28311,27.0164299166667,1039.7787,32.267693402297,3.90997243,153267261,79.0244064331055,55.2089706747755,92.88,-0.046630066,0.587288151098901,"URBAN"
"360","Nigeria",2008,53,173.03487,26.81911975,1088.0194,33.0520742471129,3.69581532,157595014,68.2841110229492,56.8158520956791,95.14,-0.24394019,0.294403328845457,"URBAN"
"361","Nigeria",2009,63,177.92572,27.5071926666667,1036.3947,33.8602865376741,3.5801971,162049464,72.6352996826172,58.4287046846298,98.7,0.4441328,0.256410256410256,"RURAL"
"362","Nigeria",2010,54,182.96918,27.7524709166667,1127.4283,34.6931332709606,3.29653287,166642886,72.9908294677734,60.048448967519,98.36,0.68941087,0.290054559174932,"RURAL"
"363","Nigeria",2011,48,188.16995,27.2504334166667,985.77026,35.5499398732214,3.32077932,171379598,NA,61.6709575534606,95.04,0.18737333,0.192029,"RURAL"
"364","Nigeria",2012,42,193.4633,27.0081968333333,1193.8965,36.4309333257504,3.35984254,176200625,NA,63.296219919828,90.28,-0.054862976,0.59596,"URBAN"
"365","Nigeria",2013,43,198.78719,27.266068,1054.0533,37.3360752432271,3.4206934,181049443,NA,64.9235673868733,98.47,0.20300801,0.608123347452689,"RURAL"
"366","Nigeria",2015,42,209.35234,27.2825015833333,1031.0835,39.2193825451344,3.58194995,190671878,NA,68.1845425049661,101.97,0.21944141,0.11567921245613,"RURAL"
"367","Nigeria",2018,61,225.01697,27.2129889166667,1081.0972,42.2262606432937,3.09069347,204938755,NA,73.0874579051768,103.97,0.14992888,0.299618443028965,"RURAL"
"368","Nigeria",2021,62,239.939,27.5019516666667,888.83246,45.4491548934765,4.07625723,218529286,NA,78.0001935748374,111.54,0.43889174,0.311527953070759,"RURAL"
"369","Pakistan",1993,37,164.77281,20.36198875,387.0359,NA,NA,127020117,NA,NA,39.45,-0.06446171,0.044453334309538,"RURAL"
"370","Pakistan",1994,39,169.6088,19.81404775,604.3479,NA,NA,130748083,NA,NA,41.75,-0.6124026,0.0323329051316175,"RURAL"
"371","Pakistan",1995,58,174.58255,19.7973159166667,509.54068,NA,NA,134582253,NA,NA,44.1,-0.62913436,0.00871983408748115,"RURAL"
"372","Pakistan",1996,46,179.73878,19.8014198083333,439.48096,NA,NA,138557092,NA,NA,44.28,-0.6250308,0.0260616748860013,"RURAL"
"373","Pakistan",1997,52,184.89485,19.3047425,518.6029,NA,NA,142531804,NA,NA,46.32,-1.1217076,0.0301095763537191,NA
"374","Pakistan",2010,52,258.45657,20.97790875,491.0645,49.5244058324413,2.42967653,199239047,55.4675178527832,88.8047528450212,83.71,0.55145854,0.0192,NA
"375","Peru",1996,94,19.383688,18.34866825,2141.8032,NA,NA,24811171,NA,NA,40.4,-0.45117235,0.0071842537690752,"RURAL"
"376","Peru",1997,90,19.745386,19.0245136666667,2125.656,NA,NA,25274147,NA,NA,44.18,0.22467296,0.00645730094999813,"RURAL"
"377","Peru",1998,94,20.107855,19.3679895833333,2242.9216,NA,NA,25738095,93.3474731445312,NA,45.13,0.5681489,0.0316533342488642,"RURAL"
"378","Peru",1999,99,20.458166,18.275997,2132.6057,NA,NA,26186504,98.3533706665039,NA,48.45,-0.52384377,0.0277207789813654,"RURAL"
"379","Peru",2003,94,21.547222,18.7372238333333,2037.1682,66.4123396499745,4.58703804,27580490,97.9151916503906,82.474684134901,54.14,-0.06261667,0.0464994775339603,"RURAL"
"380","Peru",2004,86,21.759478,18.6735035833333,1992.915,67.1607908269486,4.42972279,27852190,98.6212921142578,83.228525609799,55.46,-0.12633689,0.0553356923831225,"RURAL"
"381","Peru",2007,93,22.28958,18.6753309166667,2065.724,69.3437331173014,4.42611313,28530699,103.473968505859,85.4260756884851,68.89,-0.124509655,0,"RURAL"
"382","Peru",2009,93,22.575598,18.9229401666667,2289.5515,70.6361590517188,4.96264839,28896811,100.934448242188,86.7473234759731,77.82,0.12309933,0,"RURAL"
"383","Peru",2010,93,22.723412,19.182796,1939.4572,71.264248526155,4.71338701,29086019,103.436256408691,87.3922024813053,81.05,0.38295522,0.0015,"URBAN"
"384","Peru",2015,90,23.79496,19.2939279166667,2263.4402,74.3325508819996,4.92147398,30457600,101.71533203125,90.5504162789145,99.33,0.49408722,0.195006941370342,NA
"385","Peru",2018,89,24.919954,18.69677875,2205.4373,76.1198895509194,5.09981441,31897584,89.45751953125,92.3950837119963,111.27,-0.10306183,0.0239659367396594,NA
"386","Peru",2019,88,25.35098,19.03266425,2363.106,76.7094387871209,5.1381588,32449303,91.0660781860352,93.0032366873463,119.88,0.23282354,0.0408836738448746,NA
"387","Peru",2020,72,25.655104,19.3653399166667,2012.7317,77.296102875529,6.36273861,32838579,NA,93.6079681449903,117.78,0.5654993,0.0225258499042554,NA
"388","Peru",2021,82,25.903004,19.0111485833333,2224.197,77.8794876192193,6.67921352,33155882,102.253257751465,94.2088981939542,120.16,0.211308,0.00201612903225806,NA
"389","Philippines",1996,75,242.11086,25.4055735,2751.02,NA,NA,72190242,NA,NA,51.48,-0.50871944,0.00411335448302036,NA
"390","Philippines",1997,81,247.87459,25.4352859166667,2080.732,NA,NA,73908810,NA,NA,54.79,-0.47900692,0.0241813546214863,NA
"391","Philippines",2014,79,348.01315,25.94045825,2962.124,75.5092773639833,3.70313668,103767130,97.591926574707,91.5606767241614,97.2,0.026165327,0,NA
"392","Rwanda",2007,97,387.10544,19.1775826666667,1412.686,54.8707679900931,7.86268663,9549933,NA,51.1127958841887,65.01,-0.22580941,0.0111830905236654,"RURAL"
"393","Rwanda",2008,97,397.41464,19.0485478333333,1320.2275,56.2381232596537,7.55979156,9804269,53.0556182861328,52.0050439552417,71.01,-0.35484442,0.013052351734599,"RURAL"
"394","Rwanda",2010,97,418.22046,19.8687726666667,1507.2682,58.9727043706858,8.08192921,10317553,75.8724517822266,53.812311723031,84.3,0.46538067,0.00921200201626984,"RURAL"
"395","Rwanda",2011,97,428.60535,19.11530725,1709.4498,60.3399094161962,7.93241739,10573733,NA,54.7270312962107,86.86,-0.28808498,0.00608940125359223,"RURAL"
"396","Rwanda",2014,98,460.66928,19.5953123333333,1359.7284,64.4396648810938,6.98471594,11364757,64.2973022460938,57.5210496360148,94.64,0.19192028,0.00900701699830827,"RURAL"
"397","Rwanda",2015,98,471.8277,19.9030175833333,1534.5707,65.8025240374221,6.65067434,11640022,63.1980590820312,58.4752230978059,105.23,0.49962568,0.00921166320445047,"RURAL"
"398","Rwanda",2019,98,517.8787,20.0066055833333,1584.093,71.2065248746041,6.26708555,12776103,95.9773025512695,62.4117359707321,101.29,0.6032133,0.00176158087796019,"RURAL"
"399","Rwanda",2020,91,529.62286,20.2258855833333,1791.9316,72.5399876892976,7.48696899,13065837,NA,63.4259387180091,99.98,0.82249355,0.00238652836199167,"RURAL"
"400","Senegal",1993,58,43.61004,28.6480844166667,516.67487,NA,NA,8396288,NA,NA,49.81,-0.08851242,0.0502654067688138,"RURAL"
"401","Senegal",1994,57,44.79319,28.1298975,636.07214,NA,NA,8624078,37.9982109069824,NA,50.74,-0.6066993,0.0258955959424731,"RURAL"
"402","Senegal",1995,80,45.95683,28.5105096666667,588.47253,NA,NA,8848101,NA,NA,49.26,-0.22608726,0.263744041642234,"RURAL"
"403","Senegal",1996,70,47.09384,28.7680248333333,533.1685,NA,NA,9067014,39.8102111816406,NA,48.72,0.03142786,0.0817644908777336,"RURAL"
"404","Senegal",1997,59,48.218266,28.8744305833333,462.20596,NA,NA,9283495,40.0794715881348,NA,50.16,0.1378336,0.084029554587807,"RURAL"
"405","Senegal",1998,59,49.35806,29.3376519166667,401.33792,NA,NA,9502952,42.2954216003418,NA,49.69,0.60105497,0.111545988258317,"URBAN"
"406","Senegal",2001,52,53.04571,28.8410428333333,484.6088,37.8255022373584,3.68148756,10212942,44.0303802490234,60.8756144546024,57.92,0.104445934,0.547262678539059,"RURAL"
"407","Senegal",2002,60,54.361237,28.9412549166667,387.07462,38.8186500389611,3.95294404,10466214,46.6004981994629,61.9989937102872,53.35,0.20465772,0.329872479525013,NA
"408","Senegal",2003,73,55.68552,28.5642520833333,574.55035,39.869656149518,4.29703569,10721176,46.4444007873535,63.1913822066463,57.34,-0.17234468,0.482615247235261,"RURAL"
"409","Senegal",2004,87,57.007526,28.6485296666667,377.15564,40.9633021795963,4.56856203,10975704,48.0746688842773,64.4339943181148,57.46,-0.088067375,0.0691844877404968,"RURAL"
"410","Senegal",2005,84,58.35674,28.8676735833333,437.71338,42.0544776116129,3.67466521,11235472,53.211841583252,65.6736809272597,62.27,0.13107681,0.271507706532597,"RURAL"
"411","Senegal",2007,94,61.134846,28.78231275,455.99155,44.2305886798635,3.41496587,11770344,51.9915313720703,68.1456746962979,61.71,0.04571581,0.225950510655202,NA
"412","Senegal",2008,88,62.582005,28.6367926666667,579.3132,45.3148396181609,3.50687575,12048959,59.1248207092285,69.3772031298627,66.74,-0.0998044,0.0510845540746345,"RURAL"
"413","Senegal",2009,86,64.08013,28.4678391666667,536.9942,46.3960167988497,3.841573,12337389,59.2928085327148,70.6051497639055,72.23,-0.26875767,0.0403112063143442,"RURAL"
"414","Senegal",2010,89,65.62803,29.2505140833333,601.4206,47.4746195159613,4.02764368,12635413,58.288501739502,71.8300877317255,75.46,0.51391727,0.0196185294133114,"RURAL"
"415","Senegal",2011,92,67.30822,28.86374025,421.97443,48.5501486192775,4.21416712,12958897,60.9112091064453,73.0514525533288,75.71,0.12714338,0.0432901632276687,"RURAL"
"416","Senegal",2012,91,69.13442,28.598069,577.4625,49.62215098708,4.26688004,13310495,60.0965003967285,74.2687450783238,88.91,-0.1385277,0.0453154993442147,"RURAL"
"417","Senegal",2013,92,71.21386,28.7926770833333,507.816,50.6907763152699,4.38573599,13710849,60.4651908874512,75.4821356227169,98.11,0.05608018,0.0186602558850377,"RURAL"
"418","Senegal",2014,89,73.50572,28.7746413333333,371.30582,51.7558632183278,4.38962269,14152102,60.9127883911133,76.6914468030901,95.35,0.038044453,0.0143511985368297,"RURAL"
"419","Senegal",2015,89,75.797485,28.7353061666667,541.6381,52.8193806775429,4.37789631,14593331,59.0049781799316,77.8987857430696,100.68,-0.0012907982,0.00426100055621912,"RURAL"
"420","Senegal",2016,93,78.08892,29.1151150833333,494.991,53.8806790444526,4.25606871,15034521,NA,79.1033819690487,103.97,0.37851825,0,"RURAL"
"421","Senegal",2017,93,80.37685,29.1083859166667,445.92822,54.9398686162857,4.16359377,15475002,NA,80.3052683415206,114.5,0.37178898,0.00276730884972856,"RURAL"
"422","Senegal",2020,95,87.202896,29.3760095,688.11395,58.0982120345877,5.15119171,16789219,61.4603805541992,83.8869032487823,130.59,0.6394126,0.0458413033801291,"RURAL"
"423","Senegal",2021,90,89.44487,29.440965,462.9676,59.1433799517105,4.44256258,17220867,63.5550918579102,85.0712263043194,132.73,0.7043681,0.039300036948478,"RURAL"
"424","Somalia",2002,40,15.223055,26.4868114166667,324.2734,21.3784748879467,NA,9550063,NA,26.7933023922756,100.7,-0.05743392,0.0883134130146082,"RURAL"
"425","Somalia",2005,35,16.96716,26.5004911666667,239.3118,23.8652176326583,NA,10644228,NA,32.0742165756556,107.14,-0.04375426,0.0564298979165753,"RURAL"
"426","Somalia",2007,40,18.048471,26.8316970833333,249.29167,24.5603910525818,NA,11322582,NA,33.8259720748513,101.3,0.28745174,0.110996861543118,"RURAL"
"427","Somalia",2008,31,18.591269,26.3042815833333,227.29402,25.9004894447363,NA,11663084,NA,35.9803347703058,98.69,-0.23996384,0.0436317693159315,"RURAL"
"428","Somalia",2009,42,19.066446,26.84782625,241.94167,27.2576473800704,NA,11961201,NA,38.1285200472098,98.42,0.30358076,0.0195549230703493,"RURAL"
"429","Sudan",1994,46,12.871469,26.32458875,273.21945,NA,NA,24043948,NA,NA,NA,-0.86057425,0.0611508151560313,"RURAL"
"430","Sudan",1995,48,13.20776,26.6080681666667,239.08878,NA,NA,24672143,NA,NA,NA,-0.57709485,0.0121596930385529,"URBAN"
"431","Sudan",1996,56,13.507221,26.5567633333333,285.59717,NA,NA,25231528,NA,NA,NA,-0.62839985,0.0389594656584108,"RURAL"
"432","Sudan",1997,55,13.811443,26.4505775,259.6767,NA,NA,25799821,NA,NA,NA,-0.7345856,0.00297483380816714,"RURAL"
"433","Sudan",1998,46,14.164315,27.0787710833333,262.6078,NA,NA,26458999,NA,NA,NA,-0.10639191,0.3925,"RURAL"
"434","Sudan",1999,55,14.523858,27.23706475,267.09677,NA,NA,27130613,NA,NA,NA,0.051901657,0.0597731181832103,"RURAL"
"435","Sudan",2000,62,14.891166,26.6736268333333,195.0323,20.5919421717055,3.60664487,27816745,NA,44.6474372791814,NA,-0.5115364,0.156267729783226,"RURAL"
"436","Sudan",2001,66,15.265914,27.043562,231.50298,20.6075711280017,3.36456871,28516770,NA,44.6614226219873,NA,-0.14160109,0.0116018270218978,"RURAL"
"437","Sudan",2002,60,15.647039,27.2562186666667,182.26881,20.62319953674,3.30010891,29228727,NA,44.6754074159875,NA,0.07105541,0.119862562571353,NA
"438","Sudan",2004,74,16.357914,27.2546751666667,180.23932,20.654455969097,4.15593481,30556637,NA,44.7033753195238,NA,0.06951237,0.0188946216385241,"RURAL"
"439","Sudan",2005,78,16.735762,27.4554520833333,229.9619,21.8517553278988,4.09418154,31262444,NA,45.8190395908666,NA,0.27028894,0.00953288846520496,"RURAL"
"440","Sudan",2006,78,17.126543,27.2073738333333,213.60155,23.0494722107367,4.88544321,31992435,NA,46.9340172529745,NA,0.022210917,0.00122249388753056,NA
"441","Sudan",2008,86,17.999964,27.3338101666667,178.41795,25.6176055136201,5.42313576,33623980,NA,49.1619183582309,NA,0.14864731,0.001171875,NA
"442","Tajikistan",2001,85,46.16563,0.1806878,623.5896,90.225577402018,4.57802534,6407377,94.9423294067383,57.7750572442872,27.15,0.2698435,0.0458265306122449,NA
"443","Tajikistan",2007,86,51.836723,0.525602166666667,704.29224,92.341104777068,5.54050112,7194477,93.8401031494141,65.5172990344674,46.8,0.61475796,0.00136612021857923,NA
"444","Tanzania",1993,83,31.985365,22.6491765833333,881.1156,NA,NA,28332692,57.2099609375,NA,49.07,-0.15063588,0.37521349083424,"RURAL"
"445","Tanzania",1994,84,33.238106,22.616808,1148.2378,NA,NA,29442356,54.5771293640137,NA,48.92,-0.18300438,0.293587458888889,"RURAL"
"446","Tanzania",1995,81,34.300575,22.6491596666667,994.55273,NA,NA,30383497,NA,NA,54.21,-0.15065272,0.568042924976258,"RURAL"
"447","Tanzania",1996,82,34.935318,22.4287443333333,963.4121,NA,NA,30945762,NA,NA,47.67,-0.37106815,0.509475783558018,"RURAL"
"448","Tanzania",1997,79,35.649178,22.6821766666667,1247.2661,NA,NA,31578089,58.0845489501953,NA,48.19,-0.11763573,0.553658343410786,"RURAL"
"449","Tanzania",1998,79,36.60015,22.7553054166667,1086.5443,NA,NA,32420458,48.3592681884766,NA,49.73,-0.044506866,0.342511193449566,"RURAL"
"450","Tanzania",1999,76,37.59347,22.415377,919.50586,NA,NA,33300330,57.879280090332,NA,58.07,-0.38443533,0.329105488928981,"RURAL"
"451","Tanzania",2000,79,38.677013,22.5533745,961.9557,6.4545572257458,3.41529942,34260139,50.2531089782715,28.6664217644613,48.41,-0.24643786,0.460038230594141,"RURAL"
"452","Tanzania",2001,87,39.73612,22.3496838333333,974.43634,7.66547439187183,4.23551702,35198299,55.9868011474609,30.0731838916507,51.07,-0.4501287,0.190563460547853,"RURAL"
"453","Tanzania",2002,89,40.77811,22.4214825833333,1158.1124,8.88565368804983,4.68907642,36121304,59.9320411682129,31.4797512688237,52.85,-0.3783299,0.309767052373071,"RURAL"
"454","Tanzania",2003,95,41.871197,22.9745035833333,764.7047,10.1362371194278,5.34231472,37089555,NA,32.983278914624,54.86,0.17469104,0.234863939802029,"RURAL"
"455","Tanzania",2004,95,43.02282,22.67926875,1031.0251,11.3353000997634,5.7373414,38109668,59.1304512023926,34.4821810033991,57.56,-0.1205438,0.356559882645305,"RURAL"
"456","Tanzania",2005,90,44.2335,23.234648,760.40735,12.5338225447733,6.32282543,39182076,56.1810684204102,35.9811337940546,62.89,0.43483543,0.186071013582528,"RURAL"
"457","Tanzania",2006,90,45.489777,22.789116,1185.5702,13.7317612866965,7.598279,40294902,73.6560211181641,37.4799927901342,64.1,-0.010696411,0.177010960653725,"RURAL"
"458","Tanzania",2007,83,46.777443,22.84100325,952.1447,14.9287973517559,6.88427973,41435512,85.6137924194336,38.9776269528138,61.54,0.041190624,0.0711482914497753,"RURAL"
"459","Tanzania",2008,86,48.059013,22.53163475,998.54865,16.1250365499333,5.55704737,42570728,NA,40.4743184257976,67.25,-0.26817766,0.100403961334269,"RURAL"
"460","Tanzania",2009,85,49.25934,23.0291411666667,945.3641,17.3196247396948,5.06306362,43633982,105.147758483887,41.9675360167038,69.62,0.2293288,0.1892344461,NA
"461","Tanzania",2011,90,51.96355,22.8254431666667,1150.2402,19.7043086556293,5.0559845,46029367,84.6483306884766,44.944995268675,84.38,0.025630632,0.0316076024240591,"RURAL"
"462","Tanzania",2012,92,53.48183,22.90826325,1012.1253,20.8937174720611,5.01779366,47374260,81.3818511962891,46.4273786110216,89.94,0.10845073,0.0233740818068976,"RURAL"
"463","Tanzania",2015,96,58.727604,23.215833,1068.2365,24.4416443149061,3.64969945,52020962,64.6557388305664,50.8314701192375,100.89,0.41602054,0.0450013468941478,"RURAL"
"464","Tanzania",2016,92,60.76311,23.20835575,988.2203,25.6150210066189,3.96350336,53824013,60.7533683776855,52.2811702298122,102.07,0.40854326,0.0412742693472774,"RURAL"
"465","Tanzania",2017,90,62.82777,23.3466675833333,1048.9807,26.7829708869529,4.07779312,55652890,66.670280456543,53.7207964088466,102.53,0.54685515,0.0562241977221169,"RURAL"
"466","Tanzania",2022,93,73.05461,22.9183446666667,998.94556,30.6179496792131,3.1119566,64711821,NA,60.7911570296173,145.47,0.11853218,0.0424305565712573,"RURAL"
"467","Thailand",1994,93,114.03787,26.1026614166667,1806.878,NA,NA,58260854,NA,NA,74.89,-0.26869917,0.0529422967543967,"RURAL"
"468","Thailand",1998,96,120.42235,27.0568501666667,1425.8633,NA,NA,61522630,NA,NA,74.28,0.68548983,0.0693372354045579,NA
"469","Thailand",1999,97,121.942085,25.8043261666667,1931.7089,NA,NA,62299043,87.644660949707,NA,70.8,-0.5670344,0.0657793838219327,NA
"470","Thailand",2000,97,123.32942,25.912631,1927.4663,92.4134381029961,3.10125351,63007815,85.6936569213867,94.1153642465379,69.99,-0.4587296,0.0246224891835732,NA
"471","Thailand",2001,96,124.58864,26.26201725,1713.444,92.6889908806732,3.02623773,63651141,86.7173919677734,94.4878833636638,70.48,-0.10934305,0.0251066243590029,NA
"472","Thailand",2002,96,125.79299,26.4592905,1749.2472,92.9689857372308,3.334723,64266437,NA,94.8549716232778,74.44,0.087930046,0.0183510943419272,NA
"473","Thailand",2003,98,126.970795,26.3370715,1490.1594,93.2536678675434,3.24312782,64868166,NA,95.2162736068613,78.93,-0.034288883,0.00752191348642511,"RURAL"
"474","Thailand",2010,99,134.23514,26.9273645833333,1662.5453,95.390777260397,3.39009809,68579447,NA,97.5434253160748,87.86,0.5560042,0.0580589255,"RURAL"
"475","Thailand",2011,99,135.07243,25.7405631666667,1931.9321,95.7251764390916,3.56825495,69007208,NA,97.8320484698268,88.43,-0.6307972,0.093283582,"RURAL"
"476","Thailand",2012,99,135.91194,26.64755825,1625.0583,96.0646250489643,3.5229404,69436098,NA,98.1133461921886,96.24,0.27619776,0.0451437805714286,"RURAL"
"477","Thailand",2013,99,136.71252,26.3619868333333,1679.5256,96.4075240886486,3.45313334,69845114,NA,98.3899959258229,98.46,-0.009373347,0.00165906853856913,NA
"478","Thailand",2014,99,137.43921,26.40474925,1487.9946,96.7538801623149,3.68448091,70216367,NA,98.6620120676393,101.62,0.033388615,0,NA
"479","Togo",2013,84,133.9474,27.0225358333333,1180.5267,15.0199254601717,4.78670263,7285442,77.3193817138672,61.1116734437547,109.9,0.10049534,0.242759234691515,"RURAL"
"480","Togo",2014,84,137.38582,27.0395968333333,1371.5361,15.5497416677127,4.90473413,7472450,83.5751419067383,62.2550568439878,93.89,0.11755625,0.354301716914574,"RURAL"
"481","Togo",2017,83,148.13542,27.4139873333333,1274.2311,17.1993119030218,6.50210476,8057140,92.5531997680664,65.6210929908916,114.55,0.49194685,0.0949987259386413,"RURAL"
"482","Uganda",1993,56,96.97344,22.925002,1512.1062,NA,NA,19445161,NA,NA,46.29,-0.19430034,0.242445867954797,"RURAL"
"483","Uganda",1994,60,100.28303,22.7666028333333,1838.8558,NA,NA,20108801,NA,NA,44.77,-0.3526996,0.4284518717225,"RURAL"
"484","Uganda",1995,59,103.06017,23.03205525,1665.4031,NA,NA,20665667,NA,NA,45.82,-0.08724705,0.589661640540983,"RURAL"
"485","Uganda",1996,57,105.88223,22.6996390833333,1680.2169,NA,NA,21231550,NA,NA,46.57,-0.4196631,0.590902602394553,NA
"486","Uganda",1999,50,115.98453,22.6032870833333,1560.2783,NA,NA,23257281,NA,NA,50.61,-0.51601535,0.42351414012662,"RURAL"
"487","Uganda",2001,55,123.40732,22.6025801666667,1583.1749,16.5975952479298,5.05204916,24745676,59.1702690124512,27.6913009833106,53.88,-0.5167222,0.6,"RURAL"
"488","Uganda",2002,57,127.33303,23.14464275,1424.124,16.8151542285613,4.77133131,25532870,61.0600395202637,28.9911541004358,61.18,0.025340557,0.243269028959924,"URBAN"
"489","Uganda",2003,59,131.41869,23.1904426666667,1418.6191,17.0321532501804,4.2991581,26352124,60.5946617126465,30.3158892746361,70.08,0.071140446,0.257084716331674,"URBAN"
"490","Uganda",2004,62,135.42023,23.23694875,1454.4059,17.2487008096089,4.70022202,27154515,57.262321472168,31.6653580235931,73.7,0.117646694,0.143884892086331,"URBAN"
"491","Uganda",2005,64,139.45358,23.50871625,1429.4138,17.4642525560946,5.80516291,27963289,55.7745590209961,33.0370258975585,77.6,0.38941398,0.114360663057431,"URBAN"
"492","Uganda",2006,64,143.59642,23.0171921666667,1719.8425,17.6794433895241,6.463305,28794003,NA,34.4326103679449,79.97,-0.102110066,0.292127897627272,"RURAL"
"493","Uganda",2007,73,147.88245,22.981451,1515.816,17.893860360696,6.11309004,29653430,51.4977493286133,35.8500319866444,84.56,-0.13785124,0.27179487,"RURAL"
"494","Uganda",2008,71,152.30153,22.84646225,1487.9982,18.107742128752,5.45474958,30539553,55.8990287780762,37.2895087674594,85.6,-0.27283987,0.308062340286444,"RURAL"
"495","Uganda",2009,79,156.84766,23.48312975,1421.3715,18.3208073608516,5.78845549,31451151,72.9996871948242,38.7494337829867,87.48,0.36382756,0.316123903849353,"RURAL"
"496","Uganda",2010,80,161.53378,23.17314075,1702.5542,18.5332942492702,6.80890226,32390802,55.568920135498,40.229957437106,90.35,0.05383873,0.167593750839604,NA
"497","Uganda",2011,82,166.33998,22.9555770833333,1709.2489,18.7450509527494,6.6959095,33354543,53.9674987792969,41.7298870287119,93.46,-0.16372506,0.115873,"RURAL"
"498","Uganda",2012,83,171.2417,23.0495190833333,1652.5386,18.9561823261431,6.10853958,34337438,55.1258506774902,43.2488591030294,95.67,-0.069783054,0.334267211446899,"URBAN"
"499","Uganda",2014,85,181.50555,23.3822391666667,1474.6823,19.3758464383761,5.33653069,36395539,58.9814910888672,46.3387388137212,97.77,0.26293692,0.118703582216667,"RURAL"
"500","Uganda",2015,89,187.17033,23.61675925,1536.5725,19.5845877472555,4.99643135,37531446,53.3201179504395,47.9088089711991,99.3,0.49745688,0.272069422271125,"RURAL"
"501","Uganda",2016,93,193.49237,24.07587375,1233.3881,19.7922384779092,5.00792885,38799152,54.7785606384277,49.4935303861388,102.93,0.9565716,0.227626592365439,"RURAL"
"502","Vanuatu",1996,67,14.018047,25.0204940833333,2291.0522,NA,NA,170911,NA,NA,106.71,0.08744415,0.0383356325610418,NA
"503","Vanuatu",1997,72,14.322477,24.6001709166667,1657.3317,NA,NA,174626,NA,NA,109.99,-0.33287892,0.0822664980748333,"RURAL"
"504","Vanuatu",1998,72,14.624692,25.31223875,1991.3599,NA,NA,178313,88.0401382446289,NA,104.65,0.379189,0.0496124031007752,NA
"505","Vanuatu",2002,70,16.063742,25.0001840833333,2509.1296,55.5546282634721,3.90437746,195863,NA,83.4720682081339,86.57,0.06713438,0.106628098450688,NA
"506","Vanuatu",2005,68,17.286465,24.9058085833333,1997.7283,55.2398365873063,3.30528617,210760,NA,83.9968978882666,101.4,-0.027241388,0.0224195709420205,NA
"507","Vanuatu",2008,73,18.610008,25.0443503333333,2626.0444,53.9188034157125,3.13810205,226896,78.3386535644531,85.371886109248,114.31,0.11130047,0.0131686731843575,NA
"508","Vanuatu",2015,80,21.826086,24.8678956666667,2152.4473,50.4488652197537,4.32168293,266101,NA,88.3769869401163,97.99,-0.065154076,0,NA
"509","Vietnam",1993,91,222.01631,23.4151155,1951.9219,NA,NA,NA,NA,NA,NA,-0.4791293,0.0209267090373307,NA
"510","Vietnam",1994,94,226.06186,23.6702270833333,2088.6782,NA,NA,NA,NA,NA,NA,-0.22401778,0.0810895455408442,"RURAL"
"511","Vietnam",1995,93,229.87631,23.456004,2019.3542,NA,NA,NA,NA,NA,NA,-0.438241,0.11430575,NA
"512","Vietnam",1996,94,233.40662,23.2690350833333,2263.3706,NA,NA,NA,NA,NA,NA,-0.6252096,0.035885165,NA
"513","Vietnam",1997,95,236.82187,23.6999556666667,1994.8547,NA,NA,NA,NA,NA,NA,-0.19428904,0.00771057899994251,NA
"514","Vietnam",1998,94,240.24457,24.4747925,1969.7769,NA,NA,NA,NA,NA,NA,0.58054763,0.00632306193133375,"RURAL"
"515","Vietnam",1999,93,243.39613,23.5459443333333,2139.4019,NA,NA,NA,NA,NA,NA,-0.34830046,0.0186320102247112,"RURAL"
"516","Vietnam",2000,96,246.16092,23.54708525,2090.4995,NA,NA,NA,NA,NA,NA,-0.34715953,0.00816616411407301,"RURAL"
"517","Vietnam",2001,96,248.76225,23.7680733333333,1981.9089,NA,NA,NA,NA,NA,NA,-0.12617142,0.00441153888854206,"RURAL"
"518","Vietnam",2002,75,251.32382,24.0563689166667,1935.945,NA,NA,NA,NA,NA,NA,0.162124,0.00423728813559322,NA
"519","Vietnam",2003,99,253.84926,24.0945390833333,1831.7561,NA,NA,NA,NA,NA,NA,0.20029433,0.0822554516231032,"RURAL"
"520","Vietnam",2004,96,256.32257,23.6560100833333,1659.2001,NA,NA,NA,NA,NA,NA,-0.23823468,0.0806448265021148,NA
"521","Vietnam",2005,95,258.71332,23.7699039166667,1979.6188,NA,NA,NA,NA,NA,NA,-0.124340855,0.00552345435362166,NA
"522","Vietnam",2006,94,262.15778,23.98319775,1918.3613,NA,NA,NA,NA,NA,NA,0.08895302,0.0270527862096774,"RURAL"
"523","Vietnam",2009,96,275.85187,23.9110330833333,2027.3875,NA,NA,NA,NA,NA,NA,0.016788164,0.037029,"RURAL"
"524","Vietnam",2014,95,292.50497,23.99339025,1928.853,NA,NA,NA,NA,NA,NA,0.09914541,0,"RURAL"
"525","Vietnam",2015,97,296.15387,24.5507581666667,1812.2073,NA,NA,NA,NA,NA,NA,0.6565135,0,"RURAL"
"526","Zambia",1998,84,12.755571,22.4469664166667,1062.097,NA,NA,9482408,65.6773071289062,NA,44.28,0.41634002,0.380952380952381,"RURAL"
"527","Zambia",2003,83,14.774964,21.9759258333333,1029.4921,22.4736815303657,5.99553585,10983595,NA,50.2201996723848,53.02,-0.054700535,0.374091402785275,"RURAL"
"528","Zambia",2004,83,15.251951,21.6437471666667,1128.612,23.3427229999482,5.48490572,11338198,70.9879913330078,51.3242990613743,52.08,-0.38687912,0.0229551849691759,NA
"529","Zambia",2005,82,15.763957,22.5874813333333,852.68555,24.2059323248477,6.33088684,11718819,82.1850280761719,52.4191275757533,53.66,0.5568549,0.0601691601139857,NA
"530","Zambia",2007,80,16.902353,21.8650338333333,1169.658,25.9137544719991,4.57961416,12565085,87.1261825561523,54.5819273253882,54.49,-0.16559267,0.119697,"RURAL"
"531","Zambia",2008,87,17.516073,21.6025950833333,1175.7471,26.7577326006113,4.46690989,13021324,91.1505508422852,55.650321935379,62.51,-0.4280313,0.0490488374036031,"RURAL"
"532","Zambia",2009,94,18.147062,21.6261541666667,1149.3655,27.5935099893468,5.15718842,13490389,85.68115234375,56.7084402370724,77.69,-0.40447235,0.0563486304014847,"RURAL"
"533","Zambia",2010,83,18.786276,22.0929913333333,1201.8276,28.4217753410918,3.97471905,13965594,99.2741394042969,57.758155891623,89.54,0.062364895,0.0535641667647059,"RURAL"
"534","Zambia",2013,79,20.714497,22.2179806666667,1091.9188,30.8570284614837,4.57390451,15398997,82.6073913574219,60.8580842530341,107.1,0.18735425,0.019047619047619,NA
"535","Zambia",2014,86,21.382147,22.27985,1065.2769,31.6512218258064,3.82924223,15895315,NA,61.8765833650793,111.29,0.2492234,0.31311040375,NA
"536","Zambia",2015,90,22.0598,22.3671129166667,1029.0343,32.4357104534936,4.42974281,16399089,NA,62.8879569310471,94.51,0.3364865,0.0847242620666667,NA
"537","Zambia",2016,95,22.753036,22.5050146666667,1107.4246,33.2093941738338,4.46923161,16914423,NA,63.8912322887943,94.2,0.47438845,0.0384869677166667,NA
"538","Zambia",2017,94,23.461813,21.9906755,1261.7139,33.9717571756978,4.78156233,17441320,NA,64.8867120987181,113.28,-0.039951008,0.40610658264017,NA
"539","Zambia",2019,88,24.904545,22.6176001666667,1009.25323,35.4594671468657,6.75330257,18513839,NA,66.8533983785744,109.31,0.58697367,0.454714086721997,NA
"540","Zambia",2020,84,25.638432,22.1679391666667,1274.906,36.1832543043812,6.3067441,19059395,NA,67.8240040188064,105.97,0.13731273,0.643834186414336,NA
"541","Zimbabwe",1993,85,28.073507,21.4838273333333,742.42773,NA,NA,10860288,NA,NA,67.08,-0.07246637,0.131687242798354,"URBAN"
"542","Zimbabwe",2002,71,31.246244,21.7287388333333,425.4422,44.8209725663783,NA,12087653,94.9628677368164,71.7060715853256,91.17,0.17244513,0.6539759939985,NA
"543","Zimbabwe",2004,65,31.965483,21.1704811666667,798.7666,44.8816899837811,NA,12365896,NA,70.6870609373274,87.16,-0.38581252,0.171262649711947,"RURAL"
"544","Zimbabwe",2005,68,32.269314,22.2607390833333,593.3408,44.2555894230867,NA,12483432,NA,70.1631081415474,90.04,0.70444536,0.0721649484536082,"RURAL"
"545","Zimbabwe",2012,95,35.718853,21.7893265,604.3239,39.9294247255203,6.91794872,13817887,88.4343795776367,66.4911847039305,112.63,0.23303287,0.042159746439082,"RURAL"
"546","Zimbabwe",2013,95,36.22531,21.5904600833333,791.4851,39.3197198966502,7.10940313,14013808,88.1701507568359,65.9664737026442,113.02,0.034166496,0.00858369098712446,NA
"547","Zimbabwe",2017,89,38.289852,21.2288761666667,975.70154,36.9416742711943,6.17278528,14812482,90.7393112182617,63.9966273097218,101.98,-0.32741752,0.0226457500651049,NA
